http://fr.dbpedia.org/resource/René_de_Chantal ; René de Chantal
http://fr.dbpedia.org/resource/Catherine_Harton ; Catherine Harton
http://fr.dbpedia.org/resource/Lise_Bissonnette ; Lise Bissonnette
http://fr.dbpedia.org/resource/Chantal_Gevrey ; Chantal Gevrey
http://fr.dbpedia.org/resource/Marie-Camille_Roy_Nobert ; Marie-Camille Roy Nobert
http://fr.dbpedia.org/resource/Gilbert_Choquette ; Gilbert Choquette
http://fr.dbpedia.org/resource/Louise_Tondreau-Levert ; Louise Tondreau-Levert
http://fr.dbpedia.org/resource/Normand_Lester ; Normand Lester
http://fr.dbpedia.org/resource/Lucien_Francoeur ; Lucien Francoeur
http://fr.dbpedia.org/resource/Mélanie_Vincelette ; Mélanie Vincelette
http://fr.dbpedia.org/resource/Jean-Marc_Léger_(écrivain) ; Jean-Marc Léger
http://fr.dbpedia.org/resource/Michel_X_Côté ; Michel X Côté
http://fr.dbpedia.org/resource/Jacques_Grand'Maison ; Jacques Grand'Maison
http://fr.dbpedia.org/resource/André_Carpentier ; André Carpentier
http://fr.dbpedia.org/resource/Sylvie_Bérard ; Sylvie Bérard
http://fr.dbpedia.org/resource/Paul_Ohl ; Paul Ohl
http://fr.dbpedia.org/resource/Jean-Marc_Cormier ; Jean-Marc Cormier
http://fr.dbpedia.org/resource/Robert_Lepage ; Robert Lepage
http://fr.dbpedia.org/resource/Jehane_Benoît ; Jehane Benoît
http://fr.dbpedia.org/resource/Suzanne_Myre ; Suzanne Myre
http://fr.dbpedia.org/resource/Francis_Catalano ; Francis Catalano
http://fr.dbpedia.org/resource/Claude_Gauvreau ; Claude Gauvreau
http://fr.dbpedia.org/resource/Stefan_Psenak ; Stefan Psenak
http://fr.dbpedia.org/resource/Claude_Forand ; Claude Forand
http://fr.dbpedia.org/resource/François_Archambault ; François Archambault
http://fr.dbpedia.org/resource/Guy_Cloutier_(écrivain) ; Guy Cloutier
http://fr.dbpedia.org/resource/Michel_Venne ; Michel Venne
http://fr.dbpedia.org/resource/Lise_Thouin ; Lise Thouin
http://fr.dbpedia.org/resource/Joseph-Zoël_Cyr-Miquelon ; Joseph-Zoël Cyr-Miquelon
http://fr.dbpedia.org/resource/Edmond_de_Nevers ; Edmond de Nevers
http://fr.dbpedia.org/resource/André_Jacques ; André Jacques
http://fr.dbpedia.org/resource/Jennifer_Couëlle ; Jennifer Couëlle
http://fr.dbpedia.org/resource/Heinz_Weinman ; Heinz Weinman
http://fr.dbpedia.org/resource/Gérald_Gagnon ; Gérald Gagnon
http://fr.dbpedia.org/resource/Henry_Deyglun ; Henry Deyglun
http://fr.dbpedia.org/resource/Sylvie_Massicotte ; Sylvie Massicotte
http://fr.dbpedia.org/resource/Marcel_Godin ; Marcel Godin
http://fr.dbpedia.org/resource/Roger_Magini ; Roger Magini
http://fr.dbpedia.org/resource/Luc_Plamondon ; Luc Plamondon
http://fr.dbpedia.org/resource/Jeanne_Painchaud ; Jeanne Painchaud
http://fr.dbpedia.org/resource/Paule_Noyart ; Paule Noyart
http://fr.dbpedia.org/resource/André_Mathieu_(auteur) ; André Mathieu
http://fr.dbpedia.org/resource/Yann_Martel ; Yann Martel
http://fr.dbpedia.org/resource/Alexandre_Trudel ; Alexandre Trudel
http://fr.dbpedia.org/resource/Yves_Steinmetz ; Yves Steinmetz
http://fr.dbpedia.org/resource/Francine_Chicoine ; Francine Chicoine
http://fr.dbpedia.org/resource/Audrée_Wilhelmy ; Audrée Wilhelmy
http://fr.dbpedia.org/resource/Albert_Ferland ; Albert Ferland
http://fr.dbpedia.org/resource/Roger_Brien ; Roger Brien
http://fr.dbpedia.org/resource/Marguerite_Andersen ; Marguerite Andersen
http://fr.dbpedia.org/resource/Pierre_Daignault_(acteur) ; Pierre Daignault
http://fr.dbpedia.org/resource/Jean_Barbeau ; Jean Barbeau
http://fr.dbpedia.org/resource/Thomas_Couët ; Thomas Couët
http://fr.dbpedia.org/resource/René_Vézina ; René Vézina
http://fr.dbpedia.org/resource/Jules_Beaulac ; Jules Beaulac
http://fr.dbpedia.org/resource/Pierre_Vadeboncoeur ; Pierre Vadeboncoeur
http://fr.dbpedia.org/resource/Marc_Gagné ; Marc Gagné
http://fr.dbpedia.org/resource/Alfred_DesRochers ; Alfred DesRochers
http://fr.dbpedia.org/resource/Stéphane_Roy_(acteur) ; Stéphane Roy
http://fr.dbpedia.org/resource/André_Girard_(écrivain) ; André Girard
http://fr.dbpedia.org/resource/Cécile_Fortier_Keays ; Cécile Fortier Keays
http://fr.dbpedia.org/resource/Maurice_Lemire ; Maurice Lemire
http://fr.dbpedia.org/resource/Léo-Paul_Desrosiers ; Léo-Paul Desrosiers
http://fr.dbpedia.org/resource/Jean-Marc_Desgent ; Jean-Marc Desgent
http://fr.dbpedia.org/resource/Élise_Turcotte ; Élise Turcotte
http://fr.dbpedia.org/resource/Donald_Alarie ; Donald Alarie
http://fr.dbpedia.org/resource/Martin_Villeneuve ; Martin Villeneuve
http://fr.dbpedia.org/resource/Gilles_Vigneault ; Gilles Vigneault
http://fr.dbpedia.org/resource/Jovette_Bernier ; Jovette Bernier
http://fr.dbpedia.org/resource/Marie-Claire_Daveluy ; Marie-Claire Daveluy
http://fr.dbpedia.org/resource/Hugh_MacLennan ; Hugh MacLennan
http://fr.dbpedia.org/resource/Élisabeth_Nardout-Lafarge ; Élisabeth Nardout-Lafarge
http://fr.dbpedia.org/resource/Huguette_Gaulin ; Huguette Gaulin
http://fr.dbpedia.org/resource/Susanne_Julien ; Susanne Julien
http://fr.dbpedia.org/resource/Michel_Leclerc_(poète) ; Michel Leclerc
http://fr.dbpedia.org/resource/Pierre_Vallières ; Pierre Vallières
http://fr.dbpedia.org/resource/Jean-Jacques_Simard ; Jean-Jacques Simard
http://fr.dbpedia.org/resource/Mathieu-Robert_Sauvé ; Mathieu-Robert Sauvé
http://fr.dbpedia.org/resource/Jean-Guy_Roy ; Jean-Guy Roy
http://fr.dbpedia.org/resource/Guy_Ménard ; Guy Ménard
http://fr.dbpedia.org/resource/Trevor_Ferguson ; Trevor Ferguson
http://fr.dbpedia.org/resource/Isabelle_Forest ; Isabelle Forest
http://fr.dbpedia.org/resource/Chrystine_Brouillet ; Chrystine Brouillet
http://fr.dbpedia.org/resource/Esther_Croft ; Esther Croft
http://fr.dbpedia.org/resource/Doris_Lussier ; Doris Lussier
http://fr.dbpedia.org/resource/Maxime_Roussy ; Maxime Roussy
http://fr.dbpedia.org/resource/Andrée_Yanacopoulo ; Andrée Yanacopoulo
http://fr.dbpedia.org/resource/Pierre_K._Malouf ; Pierre K. Malouf
http://fr.dbpedia.org/resource/Renée_Blanchet ; Renée Blanchet
http://fr.dbpedia.org/resource/Julie_Stanton ; Julie Stanton
http://fr.dbpedia.org/resource/Adjutor_Rivard ; Adjutor Rivard
http://fr.dbpedia.org/resource/Stéphanie_Paquin ; Stéphanie Paquin
http://fr.dbpedia.org/resource/Josette_Labbé ; Josette Labbé
http://fr.dbpedia.org/resource/Jovette_Marchessault ; Jovette Marchessault
http://fr.dbpedia.org/resource/Rina_Lasnier ; Rina Lasnier
http://fr.dbpedia.org/resource/Micheline_La_France ; Micheline La France
http://fr.dbpedia.org/resource/François_Lavallée ; François Lavallée
http://fr.dbpedia.org/resource/Léandre_Bergeron ; Léandre Bergeron
http://fr.dbpedia.org/resource/Jean_Royer_(écrivain) ; Jean Royer
http://fr.dbpedia.org/resource/Richard_Petit_(romancier) ; Richard Petit
http://fr.dbpedia.org/resource/Eugène_Cloutier ; Eugène Cloutier
http://fr.dbpedia.org/resource/Janis_Locas ; Janis Locas
http://fr.dbpedia.org/resource/Yves_Vaillancourt ; Yves Vaillancourt
http://fr.dbpedia.org/resource/Audrey_Benoît ; Audrey Benoît
http://fr.dbpedia.org/resource/Simonne_Monet-Chartrand ; Simonne Monet-Chartrand
http://fr.dbpedia.org/resource/Jean-Guy_Noël ; Jean-Guy Noël
http://fr.dbpedia.org/resource/Hélène_Pedneault ; Hélène Pedneault
http://fr.dbpedia.org/resource/Émile_Legault ; Émile Legault
http://fr.dbpedia.org/resource/Lise_Gauvin ; Lise Gauvin
http://fr.dbpedia.org/resource/Lise_Vaillancourt ; Lise Vaillancourt
http://fr.dbpedia.org/resource/Madeleine_Monette ; Madeleine Monette
http://fr.dbpedia.org/resource/Robert_Major ; Robert Major
http://fr.dbpedia.org/resource/Laurent_Turcot ; Laurent Turcot
http://fr.dbpedia.org/resource/Sergio_Kokis ; Sergio Kokis
http://fr.dbpedia.org/resource/Pierre_Samson ; Pierre Samson
http://fr.dbpedia.org/resource/Maurice_Blain ; Maurice Blain
http://fr.dbpedia.org/resource/Philippe_Gauthier ; Philippe Gauthier
http://fr.dbpedia.org/resource/Suzanne_Martel ; Suzanne Martel
http://fr.dbpedia.org/resource/Andrée_Ferretti ; Andrée Ferretti
http://fr.dbpedia.org/resource/Laurent-Michel_Vacher ; Laurent-Michel Vacher
http://fr.dbpedia.org/resource/Rex_Desmarchais ; Rex Desmarchais
http://fr.dbpedia.org/resource/Émile_Ollivier_(écrivain) ; Émile Ollivier
http://fr.dbpedia.org/resource/Normand_Rousseau ; Normand Rousseau
http://fr.dbpedia.org/resource/Maurice_Demers ; Maurice Demers
http://fr.dbpedia.org/resource/Monique_Bosco ; Monique Bosco
http://fr.dbpedia.org/resource/Pierre_Hébert_(professeur) ; Pierre Hébert
http://fr.dbpedia.org/resource/Annie_Vintze ; Annie Vintze
http://fr.dbpedia.org/resource/Gratien_Gélinas ; Gratien Gélinas
http://fr.dbpedia.org/resource/Natasha_Beaulieu ; Natasha Beaulieu
http://fr.dbpedia.org/resource/Antoine_Bernard ; Antoine Bernard
http://fr.dbpedia.org/resource/Stéphanie_Filion ; Stéphanie Filion
http://fr.dbpedia.org/resource/Élizabeth_Turgeon ; Élizabeth Turgeon
http://fr.dbpedia.org/resource/Gaston_Miron ; Gaston Miron
http://fr.dbpedia.org/resource/Joséphine_Bacon ; Joséphine Bacon
http://fr.dbpedia.org/resource/Huguette_Tanguay_O'Neil ; Huguette Tanguay O'Neil
http://fr.dbpedia.org/resource/Suzanne_Duchesne ; Suzanne Duchesne
http://fr.dbpedia.org/resource/Daniel_Danis ; Daniel Danis
http://fr.dbpedia.org/resource/Richard_Garneau ; Richard Garneau
http://fr.dbpedia.org/resource/Réal_Benoît ; Réal Benoît
http://fr.dbpedia.org/resource/Renée-Berthe_Drapeau ; Renée-Berthe Drapeau
http://fr.dbpedia.org/resource/Albert_Pelletier ; Albert Pelletier
http://fr.dbpedia.org/resource/India_Desjardins ; India Desjardins
http://fr.dbpedia.org/resource/Agnès_Grimaud ; Agnès Grimaud
http://fr.dbpedia.org/resource/Claude-Henri_Grignon ; Claude-Henri Grignon
http://fr.dbpedia.org/resource/Jean-Marc_Chatel ; Jean-Marc Chatel
http://fr.dbpedia.org/resource/Mario_Brassard ; Mario Brassard
http://fr.dbpedia.org/resource/Arlette_Cousture ; Arlette Cousture
http://fr.dbpedia.org/resource/Danielle_Roy ; Danielle Roy
http://fr.dbpedia.org/resource/Maxime-Olivier_Moutier ; Maxime-Olivier Moutier
http://fr.dbpedia.org/resource/Gérald_Tougas ; Gérald Tougas
http://fr.dbpedia.org/resource/Sébastien_Harrisson ; Sébastien Harrisson
http://fr.dbpedia.org/resource/Nadine_Bismuth ; Nadine Bismuth
http://fr.dbpedia.org/resource/Yvon_Delisle ; Yvon Delisle
http://fr.dbpedia.org/resource/France_Théoret ; France Théoret
http://fr.dbpedia.org/resource/Pierre_Yergeau ; Pierre Yergeau
http://fr.dbpedia.org/resource/Ernest_Gagnon ; Ernest Gagnon
http://fr.dbpedia.org/resource/Jacqueline_Thériault ; Jacqueline Thériault
http://fr.dbpedia.org/resource/Francine_Lachance ; Francine Lachance
http://fr.dbpedia.org/resource/Lise_Baucher-Morency ; Lise Baucher-Morency
http://fr.dbpedia.org/resource/Marcel_Olscamp ; Marcel Olscamp
http://fr.dbpedia.org/resource/Danielle_Charest ; Danielle Charest
http://fr.dbpedia.org/resource/Sylvain_Hotte ; Sylvain Hotte
http://fr.dbpedia.org/resource/Bernard_Anton ; Bernard Anton
http://fr.dbpedia.org/resource/Carl_Lacharité ; Carl Lacharité
http://fr.dbpedia.org/resource/Nicole_Deschamps ; Nicole Deschamps
http://fr.dbpedia.org/resource/Paul_Bussières ; Paul Bussières
http://fr.dbpedia.org/resource/Hélène_Ouvrard ; Hélène Ouvrard
http://fr.dbpedia.org/resource/André_Brochu ; André Brochu
http://fr.dbpedia.org/resource/Maurice_Joncas ; Maurice Joncas
http://fr.dbpedia.org/resource/Philippe_Laloux ; Philippe Laloux
http://fr.dbpedia.org/resource/Sonia_K._Laflamme ; Sonia K. Laflamme
http://fr.dbpedia.org/resource/Pierre_Baillargeon ; Pierre Baillargeon
http://fr.dbpedia.org/resource/Fernand_Ouellette ; Fernand Ouellette
http://fr.dbpedia.org/resource/Cécile_Gagnon ; Cécile Gagnon
http://fr.dbpedia.org/resource/Gaétan_Breton ; Gaétan Breton
http://fr.dbpedia.org/resource/Louis-Adolphe_Paquet ; Louis-Adolphe Paquet
http://fr.dbpedia.org/resource/Hervé_Bouchard ; Hervé Bouchard
http://fr.dbpedia.org/resource/Robbert_Fortin ; Robbert Fortin
http://fr.dbpedia.org/resource/Adam-Charles-Gustave_Desmazures ; Adam-Charles-Gustave Desmazures
http://fr.dbpedia.org/resource/Nathalie_Collard ; Nathalie Collard
http://fr.dbpedia.org/resource/Benoît_Jutras_(écrivain) ; Benoît Jutras
http://fr.dbpedia.org/resource/Emmanuel_Aquin ; Emmanuel Aquin
http://fr.dbpedia.org/resource/Fernand_Ouellet ; Fernand Ouellet
http://fr.dbpedia.org/resource/Sylvain_Garneau ; Sylvain Garneau
http://fr.dbpedia.org/resource/Louky_Bersianik ; Louky Bersianik
http://fr.dbpedia.org/resource/Pierre_Morency_(essayiste) ; Pierre Morency
http://fr.dbpedia.org/resource/Louise_Lambert-Lagacé ; Louise Lambert-Lagacé
http://fr.dbpedia.org/resource/François_Barcelo ; François Barcelo
http://fr.dbpedia.org/resource/Joseph-Charles_Taché ; Joseph-Charles Taché
http://fr.dbpedia.org/resource/Aurélien_Boivin ; Aurélien Boivin
http://fr.dbpedia.org/resource/Nicolas_Langelier ; Nicolas Langelier
http://fr.dbpedia.org/resource/Stéphan_Bilodeau ; Stéphan Bilodeau
http://fr.dbpedia.org/resource/Gilles_Jobidon ; Gilles Jobidon
http://fr.dbpedia.org/resource/Jean-Pierre_April ; Jean-Pierre April
http://fr.dbpedia.org/resource/Fred_Barry ; Fred Barry
http://fr.dbpedia.org/resource/Paul_Chanel_Malenfant ; Paul Chanel Malenfant
http://fr.dbpedia.org/resource/Roland_Giguère ; Roland Giguère
http://fr.dbpedia.org/resource/Charles_Le_Blanc ; Charles Le Blanc
http://fr.dbpedia.org/resource/Laurence_Vidal ; Laurence Vidal
http://fr.dbpedia.org/resource/Bernard_Genest ; Bernard Genest
http://fr.dbpedia.org/resource/Julia_Pawlowicz ; Julia Pawlowicz
http://fr.dbpedia.org/resource/Ugo_Monticone ; Ugo Monticone
http://fr.dbpedia.org/resource/Jean_Éthier-Blais ; Jean Éthier-Blais
http://fr.dbpedia.org/resource/Robert_Claing ; Robert Claing
http://fr.dbpedia.org/resource/Louise_Cotnoir ; Louise Cotnoir
http://fr.dbpedia.org/resource/Esther_Rochon ; Esther Rochon
http://fr.dbpedia.org/resource/Louis-Honoré_Fréchette ; Louis-Honoré Fréchette
http://fr.dbpedia.org/resource/Marianna_O'Gallagher ; Marianna O'Gallagher
http://fr.dbpedia.org/resource/Évelyne_Bernard ; Évelyne Bernard
http://fr.dbpedia.org/resource/Monique_LaRue ; Monique LaRue
http://fr.dbpedia.org/resource/Yves_Beauchemin ; Yves Beauchemin
http://fr.dbpedia.org/resource/Georges_Aubin ; Georges Aubin
http://fr.dbpedia.org/resource/Carole_David ; Carole David
http://fr.dbpedia.org/resource/Robert_Élie ; Robert Élie
http://fr.dbpedia.org/resource/Claude_Morin ; Claude Morin
http://fr.dbpedia.org/resource/Stéphane_Dompierre ; Stéphane Dompierre
http://fr.dbpedia.org/resource/Marc_Vaillancourt ; Marc Vaillancourt
http://fr.dbpedia.org/resource/Frédérick_Durand ; Frédérick Durand
http://fr.dbpedia.org/resource/Richard_Arès ; Richard Arès
http://fr.dbpedia.org/resource/Chantal_Bergeron ; Chantal Bergeron
http://fr.dbpedia.org/resource/Gilles_Gauthier_(dramaturge) ; Gilles Gauthier
http://fr.dbpedia.org/resource/Étienne_Lepage ; Étienne Lepage
http://fr.dbpedia.org/resource/Josée_Bilodeau ; Josée Bilodeau
http://fr.dbpedia.org/resource/Mireille_Gagné ; Mireille Gagné
http://fr.dbpedia.org/resource/Louise_Portal ; Louise Portal
http://fr.dbpedia.org/resource/Hélène_Boissé ; Hélène Boissé
http://fr.dbpedia.org/resource/Pauline_Gill ; Pauline Gill
http://fr.dbpedia.org/resource/Rodney_Saint-Éloi ; Rodney Saint-Éloi
http://fr.dbpedia.org/resource/Pierre_Desruisseaux ; Pierre Desruisseaux
http://fr.dbpedia.org/resource/Emmanuel_Cocke ; Emmanuel Cocke
http://fr.dbpedia.org/resource/Mathieu_Blais ; Mathieu Blais
http://fr.dbpedia.org/resource/Pierre_Daviault ; Pierre Daviault
http://fr.dbpedia.org/resource/Alphonse_Piché ; Alphonse Piché
http://fr.dbpedia.org/resource/Michel_J._Lévesque ; Michel J. Lévesque
http://fr.dbpedia.org/resource/Matthieu_Simard ; Matthieu Simard
http://fr.dbpedia.org/resource/Victor_Barbeau ; Victor Barbeau
http://fr.dbpedia.org/resource/Eudore_Évanturel ; Eudore Évanturel
http://fr.dbpedia.org/resource/France_Mongeau ; France Mongeau
http://fr.dbpedia.org/resource/Louis_Cornellier ; Louis Cornellier
http://fr.dbpedia.org/resource/Louis_Lefebvre_(écrivain) ; Louis Lefebvre
http://fr.dbpedia.org/resource/Juliette_Milette ; Juliette Milette
http://fr.dbpedia.org/resource/Paule_Cloutier-Daveluy ; Paule Cloutier-Daveluy
http://fr.dbpedia.org/resource/Arthur_de_Bussières ; Arthur de Bussières
http://fr.dbpedia.org/resource/Louis-Daniel_Roy ; Louis-Daniel Roy
http://fr.dbpedia.org/resource/Philippe_Chauveau_(écrivain) ; Philippe Chauveau
http://fr.dbpedia.org/resource/Fernand_Foisy ; Fernand Foisy
http://fr.dbpedia.org/resource/Roland_Arpin ; Roland Arpin
http://fr.dbpedia.org/resource/Marie-Célie_Agnant ; Marie-Célie Agnant
http://fr.dbpedia.org/resource/Ève_Bélisle ; Ève Bélisle
http://fr.dbpedia.org/resource/Charles_Montpetit ; Charles Montpetit
http://fr.dbpedia.org/resource/Jacques_Godbout ; Jacques Godbout
http://fr.dbpedia.org/resource/Gil_Courtemanche ; Gil Courtemanche
http://fr.dbpedia.org/resource/Serge_Gagnier ; Serge Gagnier
http://fr.dbpedia.org/resource/Suzanne_Jacob ; Suzanne Jacob
http://fr.dbpedia.org/resource/Rita_Amabili-Rivet ; Rita Amabili-Rivet
http://fr.dbpedia.org/resource/Lise_Bourbeau ; Lise Bourbeau
http://fr.dbpedia.org/resource/Priska_Poirier ; Priska Poirier
http://fr.dbpedia.org/resource/Will_James ; Will James
http://fr.dbpedia.org/resource/Josée_Yvon ; Josée Yvon
http://fr.dbpedia.org/resource/Jean-Noël_Pontbriand ; Jean-Noël Pontbriand
http://fr.dbpedia.org/resource/Jean-Marc_Grenier ; Jean-Marc Grenier
http://fr.dbpedia.org/resource/Audrey_Parily ; Audrey Parily
http://fr.dbpedia.org/resource/Michel_Cailloux ; Michel Cailloux
http://fr.dbpedia.org/resource/Suzanne_Paradis ; Suzanne Paradis
http://fr.dbpedia.org/resource/Michel_Roy_(administrateur) ; Michel Roy
http://fr.dbpedia.org/resource/Pierre-Luc_Lafrance ; Pierre-Luc Lafrance
http://fr.dbpedia.org/resource/Louise_Leblanc ; Louise Leblanc
http://fr.dbpedia.org/resource/Madeleine_Ferron ; Madeleine Ferron
http://fr.dbpedia.org/resource/Paul_Beaulieu ; Paul Beaulieu
http://fr.dbpedia.org/resource/Bertrand_Gervais ; Bertrand Gervais
http://fr.dbpedia.org/resource/Stéphane_D'Amour ; Stéphane D'Amour
http://fr.dbpedia.org/resource/Jean-Charles_Harvey ; Jean-Charles Harvey
http://fr.dbpedia.org/resource/Jean-Robert_Sansfaçon ; Jean-Robert Sansfaçon
http://fr.dbpedia.org/resource/Pierre_Perrault ; Pierre Perrault
http://fr.dbpedia.org/resource/Stéphane_Despatie ; Stéphane Despatie
http://fr.dbpedia.org/resource/Phlppgrrd ; Phlppgrrd
http://fr.dbpedia.org/resource/Sylvain_Meunier ; Sylvain Meunier
http://fr.dbpedia.org/resource/Marie_Page ; Marie Page
http://fr.dbpedia.org/resource/Roméo_Arbour ; Roméo Arbour
http://fr.dbpedia.org/resource/Jean_Simoneau ; Jean Simoneau
http://fr.dbpedia.org/resource/Jean-Marc_Brunet ; Jean-Marc Brunet
http://fr.dbpedia.org/resource/Laurent_Lachance ; Laurent Lachance
http://fr.dbpedia.org/resource/Robert_Soulières ; Robert Soulières
http://fr.dbpedia.org/resource/Monique_Proulx ; Monique Proulx
http://fr.dbpedia.org/resource/Laure_Conan ; Laure Conan
http://fr.dbpedia.org/resource/Adolphe_Poisson ; Adolphe Poisson
http://fr.dbpedia.org/resource/Jacques_Allard_(écrivain) ; Jacques Allard
http://fr.dbpedia.org/resource/Claude_Jasmin ; Claude Jasmin
http://fr.dbpedia.org/resource/Patrice_Lessard ; Patrice Lessard
http://fr.dbpedia.org/resource/Raymond_Plante ; Raymond Plante
http://fr.dbpedia.org/resource/Frans_Ben_Callado ; Frans Ben Callado
http://fr.dbpedia.org/resource/Rachel_Leclerc ; Rachel Leclerc
http://fr.dbpedia.org/resource/Albert_Faucher ; Albert Faucher
http://fr.dbpedia.org/resource/Gabrielle_Roy ; Gabrielle Roy
http://fr.dbpedia.org/resource/Raymond_Douville ; Raymond Douville
http://fr.dbpedia.org/resource/Dostaler_O'Leary ; Dostaler O'Leary
http://fr.dbpedia.org/resource/Myriam_Beaudoin ; Myriam Beaudoin
http://fr.dbpedia.org/resource/Réal-Gabriel_Bujold ; Réal-Gabriel Bujold
http://fr.dbpedia.org/resource/Claude_Meunier ; Claude Meunier
http://fr.dbpedia.org/resource/Sonia_Cotten ; Sonia Cotten
http://fr.dbpedia.org/resource/Russel-Aurore_Bouchard ; Russel-Aurore Bouchard
http://fr.dbpedia.org/resource/Joseph_Lenoir ; Joseph Lenoir
http://fr.dbpedia.org/resource/Geneviève_Billette ; Geneviève Billette
http://fr.dbpedia.org/resource/Pan_Bouyoucas ; Pan Bouyoucas
http://fr.dbpedia.org/resource/François-Xavier_Liagre ; François-Xavier Liagre
http://fr.dbpedia.org/resource/Pierre_Gobeil_(écrivain) ; Pierre Gobeil
http://fr.dbpedia.org/resource/Adolphe-Basile_Routhier ; Adolphe-Basile Routhier
http://fr.dbpedia.org/resource/Simone_Piuze ; Simone Piuze
http://fr.dbpedia.org/resource/Martine_Bisson-Rodriguez ; Martine Bisson-Rodriguez
http://fr.dbpedia.org/resource/Janick_Belleau ; Janick Belleau
http://fr.dbpedia.org/resource/Ollivier_Dyens ; Ollivier Dyens
http://fr.dbpedia.org/resource/Yvon_Pageau ; Yvon Pageau
http://fr.dbpedia.org/resource/Marc_André_Brouillette ; Marc André Brouillette
http://fr.dbpedia.org/resource/Julien_Daoust ; Julien Daoust
http://fr.dbpedia.org/resource/Ginette_Anfousse ; Ginette Anfousse
http://fr.dbpedia.org/resource/Daniel_Baril ; Daniel Baril
http://fr.dbpedia.org/resource/Claude_Bolduc ; Claude Bolduc
http://fr.dbpedia.org/resource/Maurice_Soudeyns ; Maurice Soudeyns
http://fr.dbpedia.org/resource/Carl_Dubuc ; Carl Dubuc
http://fr.dbpedia.org/resource/Caroline_Allard ; Caroline Allard
http://fr.dbpedia.org/resource/Marie-Louise_Gay ; Marie-Louise Gay
http://fr.dbpedia.org/resource/Marie-Christine_Lê-Huu ; Marie-Christine Lê-Huu
http://fr.dbpedia.org/resource/Camille_Roy ; Camille Roy
http://fr.dbpedia.org/resource/Rosalie_Lessard ; Rosalie Lessard
http://fr.dbpedia.org/resource/Patrick_Brisebois ; Patrick Brisebois
http://fr.dbpedia.org/resource/Raymond_Lévesque ; Raymond Lévesque
http://fr.dbpedia.org/resource/Micheline_Morisset ; Micheline Morisset
http://fr.dbpedia.org/resource/Pol_Chantraine ; Pol Chantraine
http://fr.dbpedia.org/resource/Patrick_Straram ; Patrick Straram
http://fr.dbpedia.org/resource/Gatien_Lapointe ; Gatien Lapointe
http://fr.dbpedia.org/resource/Yves_Meynard ; Yves Meynard
http://fr.dbpedia.org/resource/Benjamin_Sulte ; Benjamin Sulte
http://fr.dbpedia.org/resource/Nadine_Descheneaux ; Nadine Descheneaux
http://fr.dbpedia.org/resource/Pierre_Ouellet ; Pierre Ouellet
http://fr.dbpedia.org/resource/Félix-Antoine_Savard ; Félix-Antoine Savard
http://fr.dbpedia.org/resource/Stéphane_Bourguignon ; Stéphane Bourguignon
http://fr.dbpedia.org/resource/Denis_Côté_(écrivain) ; Denis Côté
http://fr.dbpedia.org/resource/Mylène_Gilbert-Dumas ; Mylène Gilbert-Dumas
http://fr.dbpedia.org/resource/Georges-Hébert_Germain ; Georges-Hébert Germain
http://fr.dbpedia.org/resource/Georges_Cartier_(1929-1994) ; Georges Cartier
http://fr.dbpedia.org/resource/Marcel_Bélanger ; Marcel Bélanger
http://fr.dbpedia.org/resource/Maryse_Rouy ; Maryse Rouy
http://fr.dbpedia.org/resource/Yvan_Lamonde ; Yvan Lamonde
http://fr.dbpedia.org/resource/Nicolas_Dickner ; Nicolas Dickner
http://fr.dbpedia.org/resource/Tony_Tremblay ; Tony Tremblay
http://fr.dbpedia.org/resource/Diane_Lacombe_(écrivaine) ; Diane Lacombe
http://fr.dbpedia.org/resource/Daniel_Sernine ; Daniel Sernine
http://fr.dbpedia.org/resource/Daniel_Desbiens ; Daniel Desbiens
http://fr.dbpedia.org/resource/Pierre_Chatillon ; Pierre Chatillon
http://fr.dbpedia.org/resource/Louis-Philippe_Ouimet ; Louis-Philippe Ouimet
http://fr.dbpedia.org/resource/Diane_Lamoureux ; Diane Lamoureux
http://fr.dbpedia.org/resource/Hélène_Dorion ; Hélène Dorion
http://fr.dbpedia.org/resource/Vincent_Gomez ; Vincent Gomez
http://fr.dbpedia.org/resource/Sunny_Duval ; Sunny Duval
http://fr.dbpedia.org/resource/Guy_Dufresne ; Guy Dufresne
http://fr.dbpedia.org/resource/Fernand_Dumont_(sociologue) ; Fernand Dumont
http://fr.dbpedia.org/resource/Pamphile_Le_May ; Pamphile Le May
http://fr.dbpedia.org/resource/René-Daniel_Dubois ; René-Daniel Dubois
http://fr.dbpedia.org/resource/Fernande_Saint-Martin ; Fernande Saint-Martin
http://fr.dbpedia.org/resource/Corinne_De_Vailly ; Corinne De Vailly
http://fr.dbpedia.org/resource/Gérard_Bessette ; Gérard Bessette
http://fr.dbpedia.org/resource/François_Lévesque ; François Lévesque
http://fr.dbpedia.org/resource/François_Magin ; François Magin
http://fr.dbpedia.org/resource/Francine_Pelletier ; Francine Pelletier
http://fr.dbpedia.org/resource/Émeline_Pierre ; Émeline Pierre
http://fr.dbpedia.org/resource/Octave_Crémazie ; Octave Crémazie
http://fr.dbpedia.org/resource/Réginald_Martel ; Réginald Martel
http://fr.dbpedia.org/resource/Pier-Luc_Lasalle ; Pier-Luc Lasalle
http://fr.dbpedia.org/resource/Janou_Saint-Denis ; Janou Saint-Denis
http://fr.dbpedia.org/resource/Christophe_Condello ; Christophe Condello
http://fr.dbpedia.org/resource/Serge_Bouchard ; Serge Bouchard
http://fr.dbpedia.org/resource/Adolphe_Nantel ; Adolphe Nantel
http://fr.dbpedia.org/resource/Jacques_Lazure_(écrivain) ; Jacques Lazure
http://fr.dbpedia.org/resource/Michel_Gosselin ; Michel Gosselin
http://fr.dbpedia.org/resource/Gilles_Cyr ; Gilles Cyr
http://fr.dbpedia.org/resource/Nathaniel_Thorne ; Nathaniel Thorne
http://fr.dbpedia.org/resource/Carol_LeBel ; Carol LeBel
http://fr.dbpedia.org/resource/Jacques_Hébert_(homme_politique,_1923-2007) ; Jacques Hébert
http://fr.dbpedia.org/resource/Denis_Saint-Jacques ; Denis Saint-Jacques
http://fr.dbpedia.org/resource/Louis-Bernard_Robitaille ; Louis-Bernard Robitaille
http://fr.dbpedia.org/resource/Lyne_Richard ; Lyne Richard
http://fr.dbpedia.org/resource/Gilles_Tibo ; Gilles Tibo
http://fr.dbpedia.org/resource/Laurent_Laplante ; Laurent Laplante
http://fr.dbpedia.org/resource/Jean-François_Poupart ; Jean-François Poupart
http://fr.dbpedia.org/resource/Anselme_Longpré ; Anselme Longpré
http://fr.dbpedia.org/resource/Philippe_Ducros ; Philippe Ducros
http://fr.dbpedia.org/resource/Pascale_Quiviger ; Pascale Quiviger
http://fr.dbpedia.org/resource/Auguste_Viatte ; Auguste Viatte
http://fr.dbpedia.org/resource/Georges_Dor ; Georges Dor
http://fr.dbpedia.org/resource/François_Ouellet ; François Ouellet
http://fr.dbpedia.org/resource/Laurent_Chabin ; Laurent Chabin
http://fr.dbpedia.org/resource/Richard_Hétu ; Richard Hétu
http://fr.dbpedia.org/resource/Jacques_Desautels ; Jacques Desautels
http://fr.dbpedia.org/resource/François-Réal_Angers ; François-Réal Angers
http://fr.dbpedia.org/resource/Aline_Poulin ; Aline Poulin
http://fr.dbpedia.org/resource/Danielle_Dussault ; Danielle Dussault
http://fr.dbpedia.org/resource/Danielle_Marcotte ; Danielle Marcotte
http://fr.dbpedia.org/resource/Marie-Christine_Bernard ; Marie-Christine Bernard
http://fr.dbpedia.org/resource/Louise_Bouchard ; Louise Bouchard
http://fr.dbpedia.org/resource/François_Charron ; François Charron
http://fr.dbpedia.org/resource/Larry_Tremblay ; Larry Tremblay
http://fr.dbpedia.org/resource/Arthur_Saint-Pierre ; Arthur Saint-Pierre
http://fr.dbpedia.org/resource/Roger_Duhamel ; Roger Duhamel
http://fr.dbpedia.org/resource/Gilles_Hénault ; Gilles Hénault
http://fr.dbpedia.org/resource/Martine_Richard ; Martine Richard
http://fr.dbpedia.org/resource/Hélène_Rompré ; Hélène Rompré
http://fr.dbpedia.org/resource/Yvette_Naubert ; Yvette Naubert
http://fr.dbpedia.org/resource/Jean_Barbe ; Jean Barbe
http://fr.dbpedia.org/resource/Jean-Aubert_Loranger ; Jean-Aubert Loranger
http://fr.dbpedia.org/resource/Valérie_Harvey ; Valérie Harvey
http://fr.dbpedia.org/resource/Clément_Lockquell ; Clément Lockquell
http://fr.dbpedia.org/resource/P._J._Poirier ; P. J. Poirier
http://fr.dbpedia.org/resource/Jules-Paul_Tardivel ; Jules-Paul Tardivel
http://fr.dbpedia.org/resource/Georges-André_Vachon ; Georges-André Vachon
http://fr.dbpedia.org/resource/Marcil_Cossette ; Marcil Cossette
http://fr.dbpedia.org/resource/Charles_Coocoo ; Charles Coocoo
http://fr.dbpedia.org/resource/Louise_Dechêne ; Louise Dechêne
http://fr.dbpedia.org/resource/Benoît_Melançon ; Benoît Melançon
http://fr.dbpedia.org/resource/Mathieu_Bock-Côté ; Mathieu Bock-Côté
http://fr.dbpedia.org/resource/Émile_Roberge ; Émile Roberge
http://fr.dbpedia.org/resource/Anne-Marie_Sicotte ; Anne-Marie Sicotte
http://fr.dbpedia.org/resource/Monique_Pariseau ; Monique Pariseau
http://fr.dbpedia.org/resource/Fredric_Gary_Comeau ; Fredric Gary Comeau
http://fr.dbpedia.org/resource/Diane_Giguère ; Diane Giguère
http://fr.dbpedia.org/resource/Guy_Boulizon ; Guy Boulizon
http://fr.dbpedia.org/resource/Lisa_Carducci ; Lisa Carducci
http://fr.dbpedia.org/resource/Gilles_Proulx ; Gilles Proulx
http://fr.dbpedia.org/resource/Mavis_Gallant ; Mavis Gallant
http://fr.dbpedia.org/resource/Louis_O'Neill ; Louis O'Neill
http://fr.dbpedia.org/resource/Claudia_Larochelle ; Claudia Larochelle
http://fr.dbpedia.org/resource/Claude_Beausoleil ; Claude Beausoleil
http://fr.dbpedia.org/resource/Aki_Shimazaki ; Aki Shimazaki
http://fr.dbpedia.org/resource/Jean-François_Lisée ; Jean-François Lisée
http://fr.dbpedia.org/resource/Karoline_Georges ; Karoline Georges
http://fr.dbpedia.org/resource/Nicole_Houde ; Nicole Houde
http://fr.dbpedia.org/resource/Madeleine_des_Rivières ; Madeleine des Rivières
http://fr.dbpedia.org/resource/Simone_Grenier-Bibeau ; Simone Grenier-Bibeau
http://fr.dbpedia.org/resource/Danielle_Boulianne ; Danielle Boulianne
http://fr.dbpedia.org/resource/Jacques_Baugé-Prévost ; Jacques Baugé-Prévost
http://fr.dbpedia.org/resource/Émile_Chartier_(critique_littéraire) ; Émile Chartier
http://fr.dbpedia.org/resource/Raymond_Barbeau ; Raymond Barbeau
http://fr.dbpedia.org/resource/Patrick_Senécal ; Patrick Senécal
http://fr.dbpedia.org/resource/Anique_Poitras ; Anique Poitras
http://fr.dbpedia.org/resource/Allan_Tremblay ; Allan Tremblay
http://fr.dbpedia.org/resource/Julie_Hubert ; Julie Hubert
http://fr.dbpedia.org/resource/Raymond_Viger ; Raymond Viger
http://fr.dbpedia.org/resource/Ghislain_Taschereau ; Ghislain Taschereau
http://fr.dbpedia.org/resource/André_Vachon ; André Vachon
http://fr.dbpedia.org/resource/Claire_Varin ; Claire Varin
http://fr.dbpedia.org/resource/Adrienne_Choquette ; Adrienne Choquette
http://fr.dbpedia.org/resource/Jean_Bruchési ; Jean Bruchési
http://fr.dbpedia.org/resource/Albert_Lozeau ; Albert Lozeau
http://fr.dbpedia.org/resource/Olivier_Ducas ; Olivier Ducas
http://fr.dbpedia.org/resource/Claude_Paré ; Claude Paré
http://fr.dbpedia.org/resource/Jean-François_Beauchemin ; Jean-François Beauchemin
http://fr.dbpedia.org/resource/Gérald_Fortin ; Gérald Fortin
http://fr.dbpedia.org/resource/Éva_Senécal ; Éva Senécal
http://fr.dbpedia.org/resource/Hugues_Corriveau ; Hugues Corriveau
http://fr.dbpedia.org/resource/Dynah_Psyché ; Dynah Psyché
http://fr.dbpedia.org/resource/Jacques_Brault ; Jacques Brault
http://fr.dbpedia.org/resource/Francine_D'Amour ; Francine D'Amour
http://fr.dbpedia.org/resource/Francine_Ruel ; Francine Ruel
http://fr.dbpedia.org/resource/Louis_Hamelin ; Louis Hamelin
http://fr.dbpedia.org/resource/Jean-Benoît_Nadeau ; Jean-Benoît Nadeau
http://fr.dbpedia.org/resource/Antonin_Nantel ; Antonin Nantel
http://fr.dbpedia.org/resource/Linda_Wilscam ; Linda Wilscam
http://fr.dbpedia.org/resource/Suzanne_Lebeau ; Suzanne Lebeau
http://fr.dbpedia.org/resource/André_Langevin ; André Langevin
http://fr.dbpedia.org/resource/Michel_Bibaud ; Michel Bibaud
http://fr.dbpedia.org/resource/Stéphanie_Hurtubise ; Stéphanie Hurtubise
http://fr.dbpedia.org/resource/Michel_Cresson_(écrivain) ; Michel Cresson
http://fr.dbpedia.org/resource/Janette_Bertrand ; Janette Bertrand
http://fr.dbpedia.org/resource/Éric_Gauthier ; Éric Gauthier
http://fr.dbpedia.org/resource/Martine_Desjardins_(écrivaine) ; Martine Desjardins
http://fr.dbpedia.org/resource/Jean_Prachan ; Jean Prachan
http://fr.dbpedia.org/resource/Jérôme_Lafond ; Jérôme Lafond
http://fr.dbpedia.org/resource/Gilles_Gougeon ; Gilles Gougeon
http://fr.dbpedia.org/resource/Laurence_Beaulieu-Beaudoin ; Laurence Beaulieu-Beaudoin
http://fr.dbpedia.org/resource/Edythe_Morahan_de_Lauzon ; Edythe Morahan de Lauzon
http://fr.dbpedia.org/resource/Claude_Cossette ; Claude Cossette
http://fr.dbpedia.org/resource/Léopold_Richer ; Léopold Richer
http://fr.dbpedia.org/resource/Marie-Andrée_Clermont ; Marie-Andrée Clermont
http://fr.dbpedia.org/resource/Jean-Jacques_Pelletier ; Jean-Jacques Pelletier
http://fr.dbpedia.org/resource/Yves_Roby ; Yves Roby
http://fr.dbpedia.org/resource/Jean_Larose ; Jean Larose
http://fr.dbpedia.org/resource/Jean-Simon_DesRochers ; Jean-Simon DesRochers
http://fr.dbpedia.org/resource/Gloria_Escomel ; Gloria Escomel
http://fr.dbpedia.org/resource/Lise_Payette ; Lise Payette
http://fr.dbpedia.org/resource/François_Avard ; François Avard
http://fr.dbpedia.org/resource/Catherine-Anne_Toupin ; Catherine-Anne Toupin
http://fr.dbpedia.org/resource/Martin_Michaud ; Martin Michaud
http://fr.dbpedia.org/resource/François_L._Désaulniers ; François L. Désaulniers
http://fr.dbpedia.org/resource/Réjean_Ducharme ; Réjean Ducharme
http://fr.dbpedia.org/resource/François_Létourneau ; François Létourneau
http://fr.dbpedia.org/resource/André_Laurendeau ; André Laurendeau
http://fr.dbpedia.org/resource/Denis_Monière ; Denis Monière
http://fr.dbpedia.org/resource/Jean-Charles_Gille-Maisani ; Jean-Charles Gille-Maisani
http://fr.dbpedia.org/resource/Jeannette_Dalpé ; Jeannette Dalpé
http://fr.dbpedia.org/resource/Moïsette_Olier ; Moïsette Olier
http://fr.dbpedia.org/resource/François_Hertel ; François Hertel
http://fr.dbpedia.org/resource/Jennifer_Tremblay ; Jennifer Tremblay
http://fr.dbpedia.org/resource/Roger_Le_Moine ; Roger Le Moine
http://fr.dbpedia.org/resource/Martine_Latulippe ; Martine Latulippe
http://fr.dbpedia.org/resource/Françoise_Bujold ; Françoise Bujold
http://fr.dbpedia.org/resource/Félix_Leclerc ; Félix Leclerc
http://fr.dbpedia.org/resource/Daphnée_Azoulay ; Daphnée Azoulay
http://fr.dbpedia.org/resource/Réjean_Thomas_(poète) ; Réjean Thomas
http://fr.dbpedia.org/resource/Philippe_Leduc_(compositeur) ; Philippe Leduc
http://fr.dbpedia.org/resource/Sinclair_Dumontais ; Sinclair Dumontais
http://fr.dbpedia.org/resource/Johanne_Harrelle ; Johanne Harrelle
http://fr.dbpedia.org/resource/Anne_Élaine_Cliche ; Anne Élaine Cliche
http://fr.dbpedia.org/resource/Anne_Hébert ; Anne Hébert
http://fr.dbpedia.org/resource/Hervé_Fischer ; Hervé Fischer
http://fr.dbpedia.org/resource/Françoise_Loranger ; Françoise Loranger
http://fr.dbpedia.org/resource/Pierre_de_Grandpré ; Pierre de Grandpré
http://fr.dbpedia.org/resource/Joseph-François_Perrault ; Joseph-François Perrault
http://fr.dbpedia.org/resource/Gérald_Godin ; Gérald Godin
http://fr.dbpedia.org/resource/Rita_Mestokosho ; Rita Mestokosho
http://fr.dbpedia.org/resource/Georges_Leroux ; Georges Leroux
http://fr.dbpedia.org/resource/Vincent_Thibault ; Vincent Thibault
http://fr.dbpedia.org/resource/Sophie_Rondeau ; Sophie Rondeau
http://fr.dbpedia.org/resource/André_Berthiaume ; André Berthiaume
http://fr.dbpedia.org/resource/Fred_Pellerin ; Fred Pellerin
http://fr.dbpedia.org/resource/Viateur_Lefrançois ; Viateur Lefrançois
http://fr.dbpedia.org/resource/Reine-Aimée_Côté ; Reine-Aimée Côté
http://fr.dbpedia.org/resource/Gilles_Pellerin_(écrivain) ; Gilles Pellerin
http://fr.dbpedia.org/resource/Marie_José_Thériault ; Marie José Thériault
http://fr.dbpedia.org/resource/Jean_Lafrenière ; Jean Lafrenière
http://fr.dbpedia.org/resource/Jean-Paul_Régimbal ; Jean-Paul Régimbal
http://fr.dbpedia.org/resource/Julie_Pellerin ; Julie Pellerin
http://fr.dbpedia.org/resource/Henriette_Dessaulles ; Henriette Dessaulles
http://fr.dbpedia.org/resource/Bernard_de_Brienne ; Bernard de Brienne
http://fr.dbpedia.org/resource/Guy_Bergeron ; Guy Bergeron
http://fr.dbpedia.org/resource/Wajdi_Mouawad ; Wajdi Mouawad
http://fr.dbpedia.org/resource/Marco_Micone ; Marco Micone
http://fr.dbpedia.org/resource/Louis_Lymburner ; Louis Lymburner
http://fr.dbpedia.org/resource/Guy_Boulianne ; Guy Boulianne
http://fr.dbpedia.org/resource/Jacques_Beaudry_(essayiste) ; Jacques Beaudry
http://fr.dbpedia.org/resource/François_Dumont_(professeur) ; François Dumont
http://fr.dbpedia.org/resource/Pauline_Harvey ; Pauline Harvey
http://fr.dbpedia.org/resource/Marcel_Dugas ; Marcel Dugas
http://fr.dbpedia.org/resource/Denise_Boucher ; Denise Boucher
http://fr.dbpedia.org/resource/Michel_Brûlé ; Michel Brûlé
http://fr.dbpedia.org/resource/Gérard_Delage ; Gérard Delage
http://fr.dbpedia.org/resource/Louis-Joseph_Doucet ; Louis-Joseph Doucet
http://fr.dbpedia.org/resource/Robert_Prévost_(historien) ; Robert Prévost
http://fr.dbpedia.org/resource/Yvette_Francoli ; Yvette Francoli
http://fr.dbpedia.org/resource/Jean_Paré_(journaliste) ; Jean Paré
http://fr.dbpedia.org/resource/Marie-Francine_Hébert ; Marie-Francine Hébert
http://fr.dbpedia.org/resource/Alix_Renaud ; Alix Renaud
http://fr.dbpedia.org/resource/Cécile_Cloutier ; Cécile Cloutier
http://fr.dbpedia.org/resource/Élaine_Turgeon ; Élaine Turgeon
http://fr.dbpedia.org/resource/Rodolphe_Girard ; Rodolphe Girard
http://fr.dbpedia.org/resource/Nadya_Larouche ; Nadya Larouche
http://fr.dbpedia.org/resource/Paul_de_Martigny ; Paul de Martigny
http://fr.dbpedia.org/resource/Marc-André_Pilon ; Marc-André Pilon
http://fr.dbpedia.org/resource/Bernard_Andrès ; Bernard Andrès
http://fr.dbpedia.org/resource/Robert-Lionel_Séguin ; Robert-Lionel Séguin
http://fr.dbpedia.org/resource/Jean_Charbonneau ; Jean Charbonneau
http://fr.dbpedia.org/resource/Yolande_Grisé ; Yolande Grisé
http://fr.dbpedia.org/resource/Emmanuel_Kattan ; Emmanuel Kattan
http://fr.dbpedia.org/resource/Louise_Warren ; Louise Warren
http://fr.dbpedia.org/resource/Jean-Louis_Grosmaire ; Jean-Louis Grosmaire
http://fr.dbpedia.org/resource/François_Tétreau ; François Tétreau
http://fr.dbpedia.org/resource/Guy_D'Amours ; Guy D'Amours
http://fr.dbpedia.org/resource/Francine_Allard ; Francine Allard
http://fr.dbpedia.org/resource/Roger_Lemelin ; Roger Lemelin
http://fr.dbpedia.org/resource/David_Solway ; David Solway
http://fr.dbpedia.org/resource/Michel_Gaulin ; Michel Gaulin
http://fr.dbpedia.org/resource/Michel_Bélil ; Michel Bélil
http://fr.dbpedia.org/resource/Reine_Malouin ; Reine Malouin
http://fr.dbpedia.org/resource/Jean-Éric_Riopel ; Jean-Éric Riopel
http://fr.dbpedia.org/resource/Danielle_Dubé ; Danielle Dubé
http://fr.dbpedia.org/resource/Geneviève_Massignon ; Geneviève Massignon
http://fr.dbpedia.org/resource/Stéphane_Poulin ; Stéphane Poulin
http://fr.dbpedia.org/resource/Hector_Fabre ; Hector Fabre
http://fr.dbpedia.org/resource/Jean-Claude_Germain ; Jean-Claude Germain
http://fr.dbpedia.org/resource/Jean-Pierre_Issenhuth ; Jean-Pierre Issenhuth
http://fr.dbpedia.org/resource/Andrée_Maillet ; Andrée Maillet
http://fr.dbpedia.org/resource/Yves_Boisvert_(poète) ; Yves Boisvert
http://fr.dbpedia.org/resource/Georges_Boucher_de_Boucherville ; Georges Boucher de Boucherville
http://fr.dbpedia.org/resource/Jacques_Renaud ; Jacques Renaud
http://fr.dbpedia.org/resource/Djemila_Benhabib ; Djemila Benhabib
http://fr.dbpedia.org/resource/Lucien_Parizeau ; Lucien Parizeau
http://fr.dbpedia.org/resource/Jacques_Brossard_(écrivain) ; Jacques Brossard
http://fr.dbpedia.org/resource/Guy_Gervais ; Guy Gervais
http://fr.dbpedia.org/resource/Maryse_Pelletier ; Maryse Pelletier
http://fr.dbpedia.org/resource/Daniel_Jacques ; Daniel Jacques
http://fr.dbpedia.org/resource/Thérèse_Renaud ; Thérèse Renaud
http://fr.dbpedia.org/resource/Gustave_Lanctot ; Gustave Lanctot
http://fr.dbpedia.org/resource/Alphonse_Beauregard ; Alphonse Beauregard
http://fr.dbpedia.org/resource/Geneviève_Amyot ; Geneviève Amyot
http://fr.dbpedia.org/resource/Bertrand_Laverdure ; Bertrand Laverdure
http://fr.dbpedia.org/resource/Max_Férandon ; Max Férandon
http://fr.dbpedia.org/resource/Émile_Coderre ; Émile Coderre
http://fr.dbpedia.org/resource/Marie-Thérèse_Lefebvre ; Marie-Thérèse Lefebvre
http://fr.dbpedia.org/resource/Gilles_Archambault ; Gilles Archambault
http://fr.dbpedia.org/resource/Louis-Philippe_Hébert_(écrivain) ; Louis-Philippe Hébert
http://fr.dbpedia.org/resource/Roxanne_Bouchard ; Roxanne Bouchard
http://fr.dbpedia.org/resource/Stéphane-Albert_Boulais ; Stéphane-Albert Boulais
http://fr.dbpedia.org/resource/Anne_Robillard ; Anne Robillard
http://fr.dbpedia.org/resource/Henry_Laureys ; Henry Laureys
http://fr.dbpedia.org/resource/Robert_Gagnon ; Robert Gagnon
http://fr.dbpedia.org/resource/Danielle_Fournier ; Danielle Fournier
http://fr.dbpedia.org/resource/Paul_Chamberland ; Paul Chamberland
http://fr.dbpedia.org/resource/Léon_Gingras ; Léon Gingras
http://fr.dbpedia.org/resource/David_Rome ; David Rome
http://fr.dbpedia.org/resource/David_Lonergan ; David Lonergan
http://fr.dbpedia.org/resource/Michel_Noël_(écrivain) ; Michel Noël
http://fr.dbpedia.org/resource/Marie_Laberge ; Marie Laberge
http://fr.dbpedia.org/resource/Paul-Marie_Lapointe ; Paul-Marie Lapointe
http://fr.dbpedia.org/resource/Bernadette_Renaud ; Bernadette Renaud
http://fr.dbpedia.org/resource/Angèle_Lux ; Angèle Lux
http://fr.dbpedia.org/resource/Édouard_Baudry ; Édouard Baudry
http://fr.dbpedia.org/resource/Stanley_Péan ; Stanley Péan
http://fr.dbpedia.org/resource/Jean-François_Caron_(écrivain) ; Jean-François Caron
http://fr.dbpedia.org/resource/Yvon_Linteau ; Yvon Linteau
http://fr.dbpedia.org/resource/Michel_Marc_Bouchard ; Michel Marc Bouchard
http://fr.dbpedia.org/resource/Madeleine_Gagnon ; Madeleine Gagnon
http://fr.dbpedia.org/resource/Robert_Matteau ; Robert Matteau
http://fr.dbpedia.org/resource/Gilles_Dostaler ; Gilles Dostaler
http://fr.dbpedia.org/resource/Louise-Michelle_Sauriol ; Louise-Michelle Sauriol
http://fr.dbpedia.org/resource/Jasmine_Dubé ; Jasmine Dubé
http://fr.dbpedia.org/resource/Alexandra_Larochelle ; Alexandra Larochelle
http://fr.dbpedia.org/resource/Reynald_Cantin ; Reynald Cantin
http://fr.dbpedia.org/resource/Jean_Tétreau ; Jean Tétreau
http://fr.dbpedia.org/resource/Roger_Viau ; Roger Viau
http://fr.dbpedia.org/resource/Nadine_Decobert ; Nadine Decobert
http://fr.dbpedia.org/resource/Jean-Marc_Martel ; Jean-Marc Martel
http://fr.dbpedia.org/resource/Marie-Sissi_Labrèche ; Marie-Sissi Labrèche
http://fr.dbpedia.org/resource/Marc_Robitaille ; Marc Robitaille
http://fr.dbpedia.org/resource/Pierre_Anctil ; Pierre Anctil
http://fr.dbpedia.org/resource/Jean_Le_Moyne ; Jean Le Moyne
http://fr.dbpedia.org/resource/Robert_Baillie ; Robert Baillie
http://fr.dbpedia.org/resource/Dominique_Blondeau ; Dominique Blondeau
http://fr.dbpedia.org/resource/Michel_David_(auteur) ; Michel David
http://fr.dbpedia.org/resource/Carmen_Leblanc ; Carmen Leblanc
http://fr.dbpedia.org/resource/Denys_Gagnon_(écrivain) ; Denys Gagnon
http://fr.dbpedia.org/resource/Claudine_Bertrand ; Claudine Bertrand
http://fr.dbpedia.org/resource/Claudine_Douville ; Claudine Douville
http://fr.dbpedia.org/resource/Patrick_de_Friberg ; Patrick de Friberg
http://fr.dbpedia.org/resource/Sergine_Desjardins ; Sergine Desjardins
http://fr.dbpedia.org/resource/Louis-Philippe_Geoffrion ; Louis-Philippe Geoffrion
http://fr.dbpedia.org/resource/Rodrigue_Larue ; Rodrigue Larue
http://fr.dbpedia.org/resource/Daniel_Lemire ; Daniel Lemire
http://fr.dbpedia.org/resource/Marie_Brassard ; Marie Brassard
http://fr.dbpedia.org/resource/Éva_Circé-Côté ; Éva Circé-Côté
http://fr.dbpedia.org/resource/Gaëtane_de_Montreuil ; Gaëtane de Montreuil
http://fr.dbpedia.org/resource/Réjean_Robidoux ; Réjean Robidoux
http://fr.dbpedia.org/resource/Gervais_Pomerleau ; Gervais Pomerleau
http://fr.dbpedia.org/resource/Louis_Jolicoeur ; Louis Jolicoeur
http://fr.dbpedia.org/resource/Claude_Paradis ; Claude Paradis
http://fr.dbpedia.org/resource/Mathieu_Boily ; Mathieu Boily
http://fr.dbpedia.org/resource/Damase_Potvin ; Damase Potvin
http://fr.dbpedia.org/resource/Abla_Farhoud ; Abla Farhoud
http://fr.dbpedia.org/resource/Joël_Champetier ; Joël Champetier
http://fr.dbpedia.org/resource/André_Duval ; André Duval
http://fr.dbpedia.org/resource/Paul_Toupin ; Paul Toupin
http://fr.dbpedia.org/resource/Tania_Langlais ; Tania Langlais
http://fr.dbpedia.org/resource/Lucie_Robert ; Lucie Robert
http://fr.dbpedia.org/resource/Napoléon_Aubin ; Napoléon Aubin
http://fr.dbpedia.org/resource/Christian_Violy ; Christian Violy
http://fr.dbpedia.org/resource/Neil_Bissoondath ; Neil Bissoondath
http://fr.dbpedia.org/resource/Guy_Delahaye ; Guy Delahaye
http://fr.dbpedia.org/resource/Georgette_Lacroix ; Georgette Lacroix
http://fr.dbpedia.org/resource/Robert_Barberis ; Robert Barberis
http://fr.dbpedia.org/resource/Nathalie_Loignon ; Nathalie Loignon
http://fr.dbpedia.org/resource/Naïm_Kattan ; Naïm Kattan
http://fr.dbpedia.org/resource/Léonise_Valois ; Léonise Valois
http://fr.dbpedia.org/resource/Chantal_Morin ; Chantal Morin
http://fr.dbpedia.org/resource/André_Bolduc ; André Bolduc
http://fr.dbpedia.org/resource/Négovan_Rajic ; Négovan Rajic
http://fr.dbpedia.org/resource/Maxime_Roy-Desruisseaux ; Maxime Roy-Desruisseaux
http://fr.dbpedia.org/resource/Philippe_Aubert_de_Gaspé,_fils ; Philippe Aubert de Gaspé, fils
http://fr.dbpedia.org/resource/Paul_Bélanger ; Paul Bélanger
http://fr.dbpedia.org/resource/Bertrand_Bergeron ; Bertrand Bergeron
http://fr.dbpedia.org/resource/Dominique_Fortier ; Dominique Fortier
http://fr.dbpedia.org/resource/Marie_Savard ; Marie Savard
http://fr.dbpedia.org/resource/Sonia_Marmen ; Sonia Marmen
http://fr.dbpedia.org/resource/Bryan_Perro ; Bryan Perro
http://fr.dbpedia.org/resource/Michel_van_Schendel ; Michel van Schendel
http://fr.dbpedia.org/resource/Mélikah_Abdelmoumen ; Mélikah Abdelmoumen
http://fr.dbpedia.org/resource/Vasco_Varoujean ; Vasco Varoujean
http://fr.dbpedia.org/resource/Jean_Louis_Fleury ; Jean Louis Fleury
http://fr.dbpedia.org/resource/Margaret_Lock ; Margaret Lock
http://fr.dbpedia.org/resource/Louis_Émond_(écrivain,_1957) ; Louis Émond
http://fr.dbpedia.org/resource/Jean_Marcel ; Jean Marcel
http://fr.dbpedia.org/resource/Antoine_Gérin-Lajoie ; Antoine Gérin-Lajoie
http://fr.dbpedia.org/resource/Guylaine_Lanctôt ; Guylaine Lanctôt
http://fr.dbpedia.org/resource/Philippe_Panneton ; Philippe Panneton
http://fr.dbpedia.org/resource/Gérald_Côté ; Gérald Côté
http://fr.dbpedia.org/resource/Marjolaine_Deschênes ; Marjolaine Deschênes
http://fr.dbpedia.org/resource/Gaëtan_Brulotte ; Gaëtan Brulotte
http://fr.dbpedia.org/resource/Léopold_Houlé ; Léopold Houlé
http://fr.dbpedia.org/resource/Jean_de_Laplante ; Jean de Laplante
http://fr.dbpedia.org/resource/André_Ricard ; André Ricard
http://fr.dbpedia.org/resource/Napoléon_Bourassa ; Napoléon Bourassa
http://fr.dbpedia.org/resource/Francine_Déry ; Francine Déry
http://fr.dbpedia.org/resource/Robert_de_Roquebrune ; Robert de Roquebrune
http://fr.dbpedia.org/resource/Louis_Dantin ; Louis Dantin
http://fr.dbpedia.org/resource/Normand_Baillargeon ; Normand Baillargeon
http://fr.dbpedia.org/resource/Gaëtan_Picard ; Gaëtan Picard
http://fr.dbpedia.org/resource/Yolande_Villemaire ; Yolande Villemaire
http://fr.dbpedia.org/resource/Isabelle_Langlois ; Isabelle Langlois
http://fr.dbpedia.org/resource/Paul-Émile_Roy ; Paul-Émile Roy
http://fr.dbpedia.org/resource/Patrick_Simon_(poète) ; Patrick Simon
http://fr.dbpedia.org/resource/Pierre_Blais_(écrivain) ; Pierre Blais
http://fr.dbpedia.org/resource/Edem_Awumey ; Edem Awumey
http://fr.dbpedia.org/resource/Louise_Dupré ; Louise Dupré
http://fr.dbpedia.org/resource/Clément_Marchand ; Clément Marchand
http://fr.dbpedia.org/resource/Maurice_Cusson ; Maurice Cusson
http://fr.dbpedia.org/resource/Michael_Delisle ; Michael Delisle
http://fr.dbpedia.org/resource/Gilles_Lapointe_(écrivain) ; Gilles Lapointe
http://fr.dbpedia.org/resource/Yves_Thériault ; Yves Thériault
http://fr.dbpedia.org/resource/Germaine_Guèvremont ; Germaine Guèvremont
http://fr.dbpedia.org/resource/Hubert_Aquin ; Hubert Aquin
http://fr.dbpedia.org/resource/Jean-Pierre_Duquette ; Jean-Pierre Duquette
http://fr.dbpedia.org/resource/Judith_Woodsworth ; Judith Woodsworth
http://fr.dbpedia.org/resource/Yves_Beauchesne ; Yves Beauchesne
http://fr.dbpedia.org/resource/Martin_Lessard ; Martin Lessard
http://fr.dbpedia.org/resource/Élizabeth_Filion ; Élizabeth Filion
http://fr.dbpedia.org/resource/Louis-Armand_de_Lom_d'Arce ; Louis-Armand de Lom d'Arce
http://fr.dbpedia.org/resource/Michel_Biron_(professeur) ; Michel Biron
http://fr.dbpedia.org/resource/Serge_Mongeau ; Serge Mongeau
http://fr.dbpedia.org/resource/Jacques_Lamarche ; Jacques Lamarche
http://fr.dbpedia.org/resource/Éric_Noël ; Éric Noël
http://fr.dbpedia.org/resource/Charlotte_Gingras ; Charlotte Gingras
http://fr.dbpedia.org/resource/Francis_Monty ; Francis Monty
http://fr.dbpedia.org/resource/Jacques_Poulin ; Jacques Poulin
http://fr.dbpedia.org/resource/Pierre_Demers ; Pierre Demers
http://fr.dbpedia.org/resource/Simone_Bussières ; Simone Bussières
http://fr.dbpedia.org/resource/Sylvie_Brien ; Sylvie Brien
http://fr.dbpedia.org/resource/Carole_Massé ; Carole Massé
http://fr.dbpedia.org/resource/Agathe_Génois ; Agathe Génois
http://fr.dbpedia.org/resource/Hector_de_Saint-Denys_Garneau ; Hector de Saint-Denys Garneau
http://fr.dbpedia.org/resource/Simon_Boulerice ; Simon Boulerice
http://fr.dbpedia.org/resource/Nelson_Dumais ; Nelson Dumais
http://fr.dbpedia.org/resource/Jocelyne_Saucier ; Jocelyne Saucier
http://fr.dbpedia.org/resource/Robert_Charbonneau ; Robert Charbonneau
http://fr.dbpedia.org/resource/Christiane_Frenette ; Christiane Frenette
http://fr.dbpedia.org/resource/Jacques_Folch-Ribas ; Jacques Folch-Ribas
http://fr.dbpedia.org/resource/Guillaume_Voisine ; Guillaume Voisine
http://fr.dbpedia.org/resource/Jacques_Ouellet ; Jacques Ouellet
http://fr.dbpedia.org/resource/Jules_Fournier ; Jules Fournier
http://fr.dbpedia.org/resource/Anne_Legault ; Anne Legault
http://fr.dbpedia.org/resource/Louis_Bruens ; Louis Bruens
http://fr.dbpedia.org/resource/Mario_Francis ; Mario Francis
http://fr.dbpedia.org/resource/Pierre_Morency ; Pierre Morency
http://fr.dbpedia.org/resource/Micheline_Lachance ; Micheline Lachance
http://fr.dbpedia.org/resource/Jean-Philippe_Bergeron ; Jean-Philippe Bergeron
http://fr.dbpedia.org/resource/Louis_Gauthier ; Louis Gauthier
http://fr.dbpedia.org/resource/Louise_de_Gonzague_Pelletier ; Louise de Gonzague Pelletier
http://fr.dbpedia.org/resource/Pierre_de_Bellefeuille ; Pierre de Bellefeuille
http://fr.dbpedia.org/resource/Michèle_Lalonde ; Michèle Lalonde
http://fr.dbpedia.org/resource/Jacques_Lanctôt ; Jacques Lanctôt
http://fr.dbpedia.org/resource/Berthelot_Brunet ; Berthelot Brunet
http://fr.dbpedia.org/resource/David_Jasmin_Barrière ; David Jasmin Barrière
http://fr.dbpedia.org/resource/Pierre_Trottier ; Pierre Trottier
http://fr.dbpedia.org/resource/Benoît_Dutrizac ; Benoît Dutrizac
http://fr.dbpedia.org/resource/Loraine_Lagacé ; Loraine Lagacé
http://fr.dbpedia.org/resource/Francis_Reginald_Scott ; Francis Reginald Scott
http://fr.dbpedia.org/resource/Yvon_Rivard ; Yvon Rivard
http://fr.dbpedia.org/resource/Jean-Pierre_Guay ; Jean-Pierre Guay
http://fr.dbpedia.org/resource/Laurent_McAllister ; Laurent McAllister
http://fr.dbpedia.org/resource/Martin_Hébert ; Martin Hébert
http://fr.dbpedia.org/resource/Ook_Chung ; Ook Chung
http://fr.dbpedia.org/resource/Bertrand_Gauthier ; Bertrand Gauthier
http://fr.dbpedia.org/resource/Hans-Jürgen_Greif ; Hans-Jürgen Greif
http://fr.dbpedia.org/resource/Patrice_Lacombe ; Patrice Lacombe
http://fr.dbpedia.org/resource/Louis_Dudek ; Louis Dudek
http://fr.dbpedia.org/resource/Alice_Parizeau ; Alice Parizeau
http://fr.dbpedia.org/resource/Claude_Marc_Bourget ; Claude Marc Bourget
http://fr.dbpedia.org/resource/Bruno_Roy_(médiéviste) ; Bruno Roy
http://fr.dbpedia.org/resource/Mario_Cholette ; Mario Cholette
http://fr.dbpedia.org/resource/Samuel_Archibald ; Samuel Archibald
http://fr.dbpedia.org/resource/Louis_Laforce ; Louis Laforce
http://fr.dbpedia.org/resource/Christiane_Duchesne ; Christiane Duchesne
http://fr.dbpedia.org/resource/Michel_Vastel ; Michel Vastel
http://fr.dbpedia.org/resource/Stéphane_Jean ; Stéphane Jean
http://fr.dbpedia.org/resource/Jean_Perron_(écrivain) ; Jean Perron
http://fr.dbpedia.org/resource/Christian_Mistral ; Christian Mistral
http://fr.dbpedia.org/resource/Louis_Even ; Louis Even
http://fr.dbpedia.org/resource/Alfred_Duclos_DeCelles ; Alfred Duclos DeCelles
http://fr.dbpedia.org/resource/Philippe_Béha ; Philippe Béha
http://fr.dbpedia.org/resource/Mehdi_Bouhalassa ; Mehdi Bouhalassa
http://fr.dbpedia.org/resource/Dominique_Demers ; Dominique Demers
http://fr.dbpedia.org/resource/Gilbert_Dupuis_(dramaturge) ; Gilbert Dupuis
http://fr.dbpedia.org/resource/Andrée-Anne_Gratton ; Andrée-Anne Gratton
http://fr.dbpedia.org/resource/Pierre_Labrie ; Pierre Labrie
http://fr.dbpedia.org/resource/Alfred_Bailey ; Alfred Bailey
http://fr.dbpedia.org/resource/Jean-Baptiste_Proulx_(abbé) ; Jean-Baptiste Proulx
http://fr.dbpedia.org/resource/David_Leblanc ; David Leblanc
http://fr.dbpedia.org/resource/Marc_Brunet_(scénariste) ; Marc Brunet
http://fr.dbpedia.org/resource/Sylvie_Desrosiers ; Sylvie Desrosiers
http://fr.dbpedia.org/resource/Louise_Maheux-Forcier ; Louise Maheux-Forcier
http://fr.dbpedia.org/resource/Judith_Cowan ; Judith Cowan
http://fr.dbpedia.org/resource/Lucille_Desparois ; Lucille Desparois
http://fr.dbpedia.org/resource/Alain_Ruiz ; Alain Ruiz
http://fr.dbpedia.org/resource/Thomas_Maguire ; Thomas Maguire
http://fr.dbpedia.org/resource/Fredrick_d'Anterny ; Fredrick d'Anterny
http://fr.dbpedia.org/resource/Philippe_Sylvain ; Philippe Sylvain
http://fr.dbpedia.org/resource/Pierre_Léger_(écrivain_et_musicien) ; Pierre Léger
http://fr.dbpedia.org/resource/Louise_Desjardins ; Louise Desjardins
http://fr.dbpedia.org/resource/Jean-François_Somain ; Jean-François Somain
http://fr.dbpedia.org/resource/Esther_Delisle ; Esther Delisle
http://fr.dbpedia.org/resource/Élisabeth_Bégon ; Élisabeth Bégon
http://fr.dbpedia.org/resource/Catherine_Leroux ; Catherine Leroux
http://fr.dbpedia.org/resource/Michelle_Allen ; Michelle Allen
http://fr.dbpedia.org/resource/Henri_Wittmann ; Henri Wittmann
http://fr.dbpedia.org/resource/Germaine_Beaulieu ; Germaine Beaulieu
http://fr.dbpedia.org/resource/Marcel_Rioux ; Marcel Rioux
http://fr.dbpedia.org/resource/Sylvaine_Tremblay ; Sylvaine Tremblay
http://fr.dbpedia.org/resource/Michel_Garneau ; Michel Garneau
http://fr.dbpedia.org/resource/Andrée_Laberge ; Andrée Laberge
http://fr.dbpedia.org/resource/René_Jetté ; René Jetté
http://fr.dbpedia.org/resource/Marie-Claire_Blais ; Marie-Claire Blais
http://fr.dbpedia.org/resource/Carl-Keven_Korb ; Carl-Keven Korb
http://fr.dbpedia.org/resource/Jean_Faucher_(réalisateur) ; Jean Faucher
http://fr.dbpedia.org/resource/Sébastien_Chabot ; Sébastien Chabot
http://fr.dbpedia.org/resource/Huguette_Bertrand ; Huguette Bertrand
http://fr.dbpedia.org/resource/Jean_Renaud_(écrivain) ; Jean Renaud
http://fr.dbpedia.org/resource/Harry_Bernard ; Harry Bernard
http://fr.dbpedia.org/resource/Mathieu_Fortin ; Mathieu Fortin
http://fr.dbpedia.org/resource/François-Marc_Gagnon ; François-Marc Gagnon
http://fr.dbpedia.org/resource/Raoul_Roy_(nationaliste) ; Raoul Roy
http://fr.dbpedia.org/resource/Hélène_Pelletier-Baillargeon ; Hélène Pelletier-Baillargeon
http://fr.dbpedia.org/resource/Laurent_Poliquin ; Laurent Poliquin
http://fr.dbpedia.org/resource/Mark_Steyn ; Mark Steyn
http://fr.dbpedia.org/resource/Marie_Hélène_Poitras ; Marie Hélène Poitras
http://fr.dbpedia.org/resource/Jean-Louis_Trudel ; Jean-Louis Trudel
http://fr.dbpedia.org/resource/Carole_Fréchette ; Carole Fréchette
http://fr.dbpedia.org/resource/Marius_Barbeau ; Marius Barbeau
http://fr.dbpedia.org/resource/Geneviève_de_la_Tour_Fondue ; Geneviève de la Tour Fondue
http://fr.dbpedia.org/resource/Jocelyne_Felx ; Jocelyne Felx
http://fr.dbpedia.org/resource/Colette_Beauchamp ; Colette Beauchamp
http://fr.dbpedia.org/resource/Normand_Doiron ; Normand Doiron
http://fr.dbpedia.org/resource/Isabelle_Legris ; Isabelle Legris
http://fr.dbpedia.org/resource/Marcelyne_Claudais ; Marcelyne Claudais
http://fr.dbpedia.org/resource/Maréchal_Nantel ; Maréchal Nantel
http://fr.dbpedia.org/resource/Daniel_Lessard ; Daniel Lessard
http://fr.dbpedia.org/resource/René_Lapierre ; René Lapierre
http://fr.dbpedia.org/resource/Aristide_Filiatreault ; Aristide Filiatreault
http://fr.dbpedia.org/resource/Bertrand_Vac ; Bertrand Vac
http://fr.dbpedia.org/resource/Marie_Cliche ; Marie Cliche
http://fr.dbpedia.org/resource/Dominick_Parenteau-Lebeuf ; Dominick Parenteau-Lebeuf
http://fr.dbpedia.org/resource/Michel_Châteauneuf ; Michel Châteauneuf
http://fr.dbpedia.org/resource/Adrien_Thério ; Adrien Thério
http://fr.dbpedia.org/resource/Daniel_Boivin ; Daniel Boivin
http://fr.dbpedia.org/resource/Louise_Simard ; Louise Simard
http://fr.dbpedia.org/resource/Louis_Caron ; Louis Caron
http://fr.dbpedia.org/resource/Denis-Martin_Chabot ; Denis-Martin Chabot
http://fr.dbpedia.org/resource/Claude_Leclerc ; Claude Leclerc
http://fr.dbpedia.org/resource/Olivia_Tapiero ; Olivia Tapiero
http://fr.dbpedia.org/resource/Pierre_Duchesne_(homme_politique) ; Pierre Duchesne
http://fr.dbpedia.org/resource/Guy_Dessureault ; Guy Dessureault
http://fr.dbpedia.org/resource/Christiane_Lahaie ; Christiane Lahaie
http://fr.dbpedia.org/resource/Claude_Lévesque ; Claude Lévesque
http://fr.dbpedia.org/resource/Loïse_Lavallée ; Loïse Lavallée
http://fr.dbpedia.org/resource/Martin_Ouellet ; Martin Ouellet
http://fr.dbpedia.org/resource/Richard_Ste-Marie ; Richard Ste-Marie
http://fr.dbpedia.org/resource/Jean-Pierre_Ronfard ; Jean-Pierre Ronfard
http://fr.dbpedia.org/resource/Jean-Baptiste_Meilleur ; Jean-Baptiste Meilleur
http://fr.dbpedia.org/resource/Maxime_Catellier ; Maxime Catellier
http://fr.dbpedia.org/resource/Jean_Lemieux_(écrivain) ; Jean Lemieux
http://fr.dbpedia.org/resource/Michel_Beaulieu ; Michel Beaulieu
http://fr.dbpedia.org/resource/Geneviève_Desbiens ; Geneviève Desbiens
http://fr.dbpedia.org/resource/Dominique_Lauzon ; Dominique Lauzon
http://fr.dbpedia.org/resource/Pierre_Brouillette ; Pierre Brouillette
http://fr.dbpedia.org/resource/Hélène_Vachon ; Hélène Vachon
http://fr.dbpedia.org/resource/Nora_Atalla ; Nora Atalla
http://fr.dbpedia.org/resource/Louise_Doyon ; Louise Doyon
http://fr.dbpedia.org/resource/Carole_Tremblay ; Carole Tremblay
http://fr.dbpedia.org/resource/Lucie_Bergeron ; Lucie Bergeron
http://fr.dbpedia.org/resource/Claire_Martin ; Claire Martin
http://fr.dbpedia.org/resource/Frédéric_Marcotte ; Frédéric Marcotte
http://fr.dbpedia.org/resource/Maurice_Lebel ; Maurice Lebel
http://fr.dbpedia.org/resource/Jean_Lamarre_(historien) ; Jean Lamarre
http://fr.dbpedia.org/resource/Marie_Gaudreau ; Marie Gaudreau
http://fr.dbpedia.org/resource/Michel_Dufour_(romancier) ; Michel Dufour
http://fr.dbpedia.org/resource/Rafaële_Germain ; Rafaële Germain
http://fr.dbpedia.org/resource/Michel_David ; Michel David
http://fr.dbpedia.org/resource/Joseph-Guillaume_Barthe ; Joseph-Guillaume Barthe
http://fr.dbpedia.org/resource/Nicolas_Sarrasin ; Nicolas Sarrasin
http://fr.dbpedia.org/resource/Charles_Bolduc ; Charles Bolduc
http://fr.dbpedia.org/resource/Renaud_Longchamps ; Renaud Longchamps
http://fr.dbpedia.org/resource/Simon_Harel ; Simon Harel
http://fr.dbpedia.org/resource/Louis-Edmond_Hamelin ; Louis-Edmond Hamelin
http://fr.dbpedia.org/resource/Claire_Mallet ; Claire Mallet
http://fr.dbpedia.org/resource/Marie-Sœurette_Mathieu ; Marie-Sœurette Mathieu
http://fr.dbpedia.org/resource/Roch_Carrier ; Roch Carrier
http://fr.dbpedia.org/resource/Jacques_Boulerice ; Jacques Boulerice
http://fr.dbpedia.org/resource/Henri_Tranquille ; Henri Tranquille
http://fr.dbpedia.org/resource/Jean-Alain_Tremblay ; Jean-Alain Tremblay
http://fr.dbpedia.org/resource/Nicole_Brossard ; Nicole Brossard
http://fr.dbpedia.org/resource/Lysette_Brochu ; Lysette Brochu
http://fr.dbpedia.org/resource/Jean-Yves_Collette ; Jean-Yves Collette
http://fr.dbpedia.org/resource/Gustave_Lamarche ; Gustave Lamarche
http://fr.dbpedia.org/resource/Ivy_(slameur) ; Ivy
http://fr.dbpedia.org/resource/Jacques_Dufresne ; Jacques Dufresne
http://fr.dbpedia.org/resource/Paul_Morin_(poète) ; Paul Morin
http://fr.dbpedia.org/resource/Jean-Jules_Richard ; Jean-Jules Richard
http://fr.dbpedia.org/resource/Juan_Garcia ; Juan Garcia
http://fr.dbpedia.org/resource/Rober_Racine ; Rober Racine
http://fr.dbpedia.org/resource/Jean-François_Nadeau ; Jean-François Nadeau
http://fr.dbpedia.org/resource/Fulvio_Caccia ; Fulvio Caccia
http://fr.dbpedia.org/resource/Leroy_K._May ; Leroy K. May
http://fr.dbpedia.org/resource/Daniel_Brassard ; Daniel Brassard
http://fr.dbpedia.org/resource/Normand_de_Bellefeuille ; Normand de Bellefeuille
http://fr.dbpedia.org/resource/Robert_Gravel ; Robert Gravel
http://fr.dbpedia.org/resource/Martine_Audet ; Martine Audet
http://fr.dbpedia.org/resource/Mario_Bergeron ; Mario Bergeron
http://fr.dbpedia.org/resource/Jean-Paul_Pinsonneault ; Jean-Paul Pinsonneault
http://fr.dbpedia.org/resource/Mathieu_Arsenault ; Mathieu Arsenault
http://fr.dbpedia.org/resource/Jean_Côté ; Jean Côté
http://fr.dbpedia.org/resource/Joël_Des_Rosiers ; Joël Des Rosiers
http://fr.dbpedia.org/resource/Guy_Marchamps ; Guy Marchamps
http://fr.dbpedia.org/resource/Claude_Péloquin ; Claude Péloquin
http://fr.dbpedia.org/resource/Jeanne-Mance_Delisle ; Jeanne-Mance Delisle
http://fr.dbpedia.org/resource/Jean-Claude_St-Onge ; Jean-Claude St-Onge
http://fr.dbpedia.org/resource/Jean-Charles_Falardeau ; Jean-Charles Falardeau
http://fr.dbpedia.org/resource/Pierre_Barthe ; Pierre Barthe
http://fr.dbpedia.org/resource/François_Ricard ; François Ricard
http://fr.dbpedia.org/resource/Willie_Thomas ; Willie Thomas
http://fr.dbpedia.org/resource/Robert_Bellefeuille ; Robert Bellefeuille
http://fr.dbpedia.org/resource/Jacques_Lacoursière ; Jacques Lacoursière
http://fr.dbpedia.org/resource/Danièle_Starenkyj ; Danièle Starenkyj
http://fr.dbpedia.org/resource/Isabelle_Miron ; Isabelle Miron
http://fr.dbpedia.org/resource/René_Gingras ; René Gingras
http://fr.dbpedia.org/resource/Albert_Laberge ; Albert Laberge
http://fr.dbpedia.org/resource/Serge_Lamothe ; Serge Lamothe
http://fr.dbpedia.org/resource/Yvon_Brochu ; Yvon Brochu
http://fr.dbpedia.org/resource/Jean-Paul_Daoust ; Jean-Paul Daoust
http://fr.dbpedia.org/resource/Marie_Gray ; Marie Gray
http://fr.dbpedia.org/resource/Christiane_Saint-Pierre ; Christiane Saint-Pierre
http://fr.dbpedia.org/resource/Dany_Laferrière ; Dany Laferrière
http://fr.dbpedia.org/resource/Christian_Morissette ; Christian Morissette
http://fr.dbpedia.org/resource/Elise_Gravel ; Elise Gravel
http://fr.dbpedia.org/resource/Michael_Mando ; Michael Mando
http://fr.dbpedia.org/resource/Jean-Pierre_Girard_(écrivain) ; Jean-Pierre Girard
http://fr.dbpedia.org/resource/Roland_Michel_Tremblay ; Roland Michel Tremblay
http://fr.dbpedia.org/resource/Grégory_Lemay ; Grégory Lemay
http://fr.dbpedia.org/resource/Lionel_Noël ; Lionel Noël
http://fr.dbpedia.org/resource/Jean-Pierre_Davidts ; Jean-Pierre Davidts
http://fr.dbpedia.org/resource/Pierre_Falardeau ; Pierre Falardeau
http://fr.dbpedia.org/resource/Renée_Dupuis_(avocate) ; Renée Dupuis
http://fr.dbpedia.org/resource/Maxime_McKinley ; Maxime McKinley
http://fr.dbpedia.org/resource/Jean-Guy_Pilon ; Jean-Guy Pilon
http://fr.dbpedia.org/resource/Jean-François_Chassay ; Jean-François Chassay
http://fr.dbpedia.org/resource/Jean-Pierre_Gaudreau ; Jean-Pierre Gaudreau
http://fr.dbpedia.org/resource/Alexis_Martin ; Alexis Martin
http://fr.dbpedia.org/resource/Gabrielle_Gourdeau ; Gabrielle Gourdeau
http://fr.dbpedia.org/resource/André_Gervais_(écrivain) ; André Gervais
http://fr.dbpedia.org/resource/Wilfrid_Lemoine ; Wilfrid Lemoine
http://fr.dbpedia.org/resource/Nicole_Filion ; Nicole Filion
http://fr.dbpedia.org/resource/Gilbert_La_Rocque ; Gilbert La Rocque
http://fr.dbpedia.org/resource/Alain_Bergeron ; Alain Bergeron
http://fr.dbpedia.org/resource/François_Gravel ; François Gravel
http://fr.dbpedia.org/resource/Sylvie-Catherine_De_Vailly ; Sylvie-Catherine De Vailly
http://fr.dbpedia.org/resource/Marcel_Fournier_(historien) ; Marcel Fournier
http://fr.dbpedia.org/resource/Simone_Routier ; Simone Routier
http://fr.dbpedia.org/resource/Maurice_Champagne_(écrivain,_1936-1998) ; Maurice Champagne
http://fr.dbpedia.org/resource/Jacques_Duval ; Jacques Duval
http://fr.dbpedia.org/resource/Roland_Viau ; Roland Viau
http://fr.dbpedia.org/resource/Louis_Francœur ; Louis Francœur
http://fr.dbpedia.org/resource/Flora_Balzano ; Flora Balzano
http://fr.dbpedia.org/resource/Louise_Roy_(écrivaine) ; Louise Roy
http://fr.dbpedia.org/resource/José_Claer ; José Claer
http://fr.dbpedia.org/resource/Éloi_de_Grandmont ; Éloi de Grandmont
http://fr.dbpedia.org/resource/Claude_Champagne_(auteur) ; Claude Champagne
http://fr.dbpedia.org/resource/Daniel_Latouche ; Daniel Latouche
http://fr.dbpedia.org/resource/Michel_Désautels ; Michel Désautels
http://fr.dbpedia.org/resource/Sylvain_d'Auteuil ; Sylvain d'Auteuil
http://fr.dbpedia.org/resource/Alain_Grandbois ; Alain Grandbois
http://fr.dbpedia.org/resource/Lise_Blouin ; Lise Blouin
http://fr.dbpedia.org/resource/Lorraine_Côté ; Lorraine Côté
http://fr.dbpedia.org/resource/Denis_Vanier ; Denis Vanier
http://fr.dbpedia.org/resource/Camille_Bouchard ; Camille Bouchard
http://fr.dbpedia.org/resource/Pierre_Petitclair ; Pierre Petitclair
http://fr.dbpedia.org/resource/Jacques_Languirand ; Jacques Languirand
http://fr.dbpedia.org/resource/Philippe_Porée-Kurrer ; Philippe Porée-Kurrer
http://fr.dbpedia.org/resource/Jacques_Michon_(professeur) ; Jacques Michon
http://fr.dbpedia.org/resource/Denys_Chabot ; Denys Chabot
http://fr.dbpedia.org/resource/Gérard_Bouchard ; Gérard Bouchard
http://fr.dbpedia.org/resource/Claire_Boulé ; Claire Boulé
http://fr.dbpedia.org/resource/Jean-Marie_Papapietro ; Jean-Marie Papapietro
http://fr.dbpedia.org/resource/Serge_Monast ; Serge Monast
http://fr.dbpedia.org/resource/Renée_Gagnon ; Renée Gagnon
http://fr.dbpedia.org/resource/Marcel_Dubé ; Marcel Dubé
http://fr.dbpedia.org/resource/Louise_Gauthier ; Louise Gauthier
http://fr.dbpedia.org/resource/Ubald_Paquin ; Ubald Paquin
http://fr.dbpedia.org/resource/David_Homel ; David Homel
http://fr.dbpedia.org/resource/Benoît_Chaput ; Benoît Chaput
http://fr.dbpedia.org/resource/Pierre_Nepveu ; Pierre Nepveu
http://fr.dbpedia.org/resource/Pascal_Henrard ; Pascal Henrard
http://fr.dbpedia.org/resource/Hélène_Monette ; Hélène Monette
http://fr.dbpedia.org/resource/Henri_d'Arles ; Henri d'Arles
http://fr.dbpedia.org/resource/Jonathan_Reynolds ; Jonathan Reynolds
http://fr.dbpedia.org/resource/France_Boisvert ; France Boisvert
http://fr.dbpedia.org/resource/Kim_Doré ; Kim Doré
http://fr.dbpedia.org/resource/Édith_Bourget ; Édith Bourget
http://fr.dbpedia.org/resource/Jacques_Benoît_(écrivain) ; Jacques Benoît
http://fr.dbpedia.org/resource/Pierre_Turgeon_(écrivain) ; Pierre Turgeon
http://fr.dbpedia.org/resource/Christine_Sioui-Wawanoloath ; Christine Sioui-Wawanoloath
http://fr.dbpedia.org/resource/Esdras_Minville ; Esdras Minville
http://fr.dbpedia.org/resource/Luc_Lacourcière ; Luc Lacourcière
http://fr.dbpedia.org/resource/Alain_M._Bergeron ; Alain M. Bergeron
http://fr.dbpedia.org/resource/Danny_Plourde ; Danny Plourde
http://fr.dbpedia.org/resource/Rolande_Allard-Lacerte ; Rolande Allard-Lacerte
http://fr.dbpedia.org/resource/Joceline_Sanschagrin ; Joceline Sanschagrin
http://fr.dbpedia.org/resource/Mado_de_l'Isle ; Mado de l'Isle
http://fr.dbpedia.org/resource/Robert_Giroux ; Robert Giroux
http://fr.dbpedia.org/resource/Francis_Dupuis-Déri ; Francis Dupuis-Déri
http://fr.dbpedia.org/resource/Clovis_Duval ; Clovis Duval
http://fr.dbpedia.org/resource/Marie_Le_Franc ; Marie Le Franc
http://fr.dbpedia.org/resource/Lise_Vekeman ; Lise Vekeman
http://fr.dbpedia.org/resource/Mordecai_Richler ; Mordecai Richler
http://fr.dbpedia.org/resource/Jean-Claude_Larouche ; Jean-Claude Larouche
http://fr.dbpedia.org/resource/Michèle_LeBlanc ; Michèle LeBlanc
http://fr.dbpedia.org/resource/Serge_Cabana ; Serge Cabana
http://fr.dbpedia.org/resource/Émile_Nelligan ; Émile Nelligan
http://fr.dbpedia.org/resource/André_Roy_(écrivain) ; André Roy
http://fr.dbpedia.org/resource/Monique_Juteau ; Monique Juteau
http://fr.dbpedia.org/resource/Étienne_Lalonde ; Étienne Lalonde
http://fr.dbpedia.org/resource/Yves_Préfontaine ; Yves Préfontaine
http://fr.dbpedia.org/resource/Alain_Gagnon ; Alain Gagnon
http://fr.dbpedia.org/resource/Denise_Desautels ; Denise Desautels
http://fr.dbpedia.org/resource/Monique_Corriveau ; Monique Corriveau
http://fr.dbpedia.org/resource/Hélène_Frédérick ; Hélène Frédérick
http://fr.dbpedia.org/resource/Bruno_Massé ; Bruno Massé
http://fr.dbpedia.org/resource/Noël_Audet ; Noël Audet
http://fr.dbpedia.org/resource/Amédée_Papineau ; Amédée Papineau
http://fr.dbpedia.org/resource/Roméo_Malenfant ; Roméo Malenfant
http://fr.dbpedia.org/resource/Daniel_Roy ; Daniel Roy
http://fr.dbpedia.org/resource/Bertrand-B._Leblanc ; Bertrand-B. Leblanc
http://fr.dbpedia.org/resource/Roland_Jomphe ; Roland Jomphe
http://fr.dbpedia.org/resource/Danielle_Simard ; Danielle Simard
http://fr.dbpedia.org/resource/Michel_Lapierre ; Michel Lapierre
http://fr.dbpedia.org/resource/Guy_Robert_(écrivain) ; Guy Robert
http://fr.dbpedia.org/resource/Chantal_Ringuet ; Chantal Ringuet
http://fr.dbpedia.org/resource/Gérard_Bergeron ; Gérard Bergeron
http://fr.dbpedia.org/resource/Bruno_Hébert ; Bruno Hébert
http://fr.dbpedia.org/resource/Pierre_Caron_(homme_de_lettres) ; Pierre Caron
http://fr.dbpedia.org/resource/Roseline_Tremblay ; Roseline Tremblay
http://fr.dbpedia.org/resource/Guillaume_Vigneault ; Guillaume Vigneault
http://fr.dbpedia.org/resource/Benoît_Brière ; Benoît Brière
http://fr.dbpedia.org/resource/André-Gilles_Bourassa ; André-Gilles Bourassa
http://fr.dbpedia.org/resource/Philippe_Aubert_de_Gaspé ; Philippe Aubert de Gaspé
http://fr.dbpedia.org/resource/Guy_Moreau ; Guy Moreau
http://fr.dbpedia.org/resource/Madeleine_Ouellette-Michalska ; Madeleine Ouellette-Michalska
http://fr.dbpedia.org/resource/Alain_Stanké ; Alain Stanké
http://fr.dbpedia.org/resource/Jacques_Côté_(écrivain) ; Jacques Côté
http://fr.dbpedia.org/resource/Marc_Laberge ; Marc Laberge
http://fr.dbpedia.org/resource/Alice_Lemieux-Lévesque ; Alice Lemieux-Lévesque
http://fr.dbpedia.org/resource/Isabelle_Larouche ; Isabelle Larouche
http://fr.dbpedia.org/resource/Lucy_Pagé ; Lucy Pagé
http://fr.dbpedia.org/resource/Monique_Deland ; Monique Deland
http://fr.dbpedia.org/resource/Yves_Lafontaine ; Yves Lafontaine
http://fr.dbpedia.org/resource/Lucie_Papineau_(écrivaine) ; Lucie Papineau
http://fr.dbpedia.org/resource/Isabel_Vaillancourt ; Isabel Vaillancourt
http://fr.dbpedia.org/resource/Aude_(écrivain) ; Aude
http://fr.dbpedia.org/resource/Abraham_Moses_Klein ; Abraham Moses Klein
http://fr.dbpedia.org/resource/Rachel_Corenblit ; Rachel Corenblit
http://fr.dbpedia.org/resource/Benjamin_Faucon ; Benjamin Faucon
http://fr.dbpedia.org/resource/Marthe_Gagnon-Thibaudeau ; Marthe Gagnon-Thibaudeau
http://fr.dbpedia.org/resource/Julien_Bigras ; Julien Bigras
http://fr.dbpedia.org/resource/Jocelyne_Robert ; Jocelyne Robert
http://fr.dbpedia.org/resource/André_Vanasse ; André Vanasse
http://fr.dbpedia.org/resource/Jean_Basile_Bezroudnoff ; Jean Basile Bezroudnoff
http://fr.dbpedia.org/resource/Michel_Jobin ; Michel Jobin
http://fr.dbpedia.org/resource/Denis_Sauvé ; Denis Sauvé
http://fr.dbpedia.org/resource/Jacques_Ferron ; Jacques Ferron
http://fr.dbpedia.org/resource/Georges_Lafontaine_(écrivain) ; Georges Lafontaine
http://fr.dbpedia.org/resource/Maryse_Barbance ; Maryse Barbance
http://fr.dbpedia.org/resource/Francine_Ouellette ; Francine Ouellette
http://fr.dbpedia.org/resource/Leonard_Cohen ; Leonard Cohen
http://fr.dbpedia.org/resource/Thérèse_Sauvageau ; Thérèse Sauvageau
http://fr.dbpedia.org/resource/Guy_Frégault ; Guy Frégault
http://fr.dbpedia.org/resource/Blanche_Lamontagne-Beauregard ; Blanche Lamontagne-Beauregard
http://fr.dbpedia.org/resource/Marcel_Labine ; Marcel Labine
http://fr.dbpedia.org/resource/Josh_Freed ; Josh Freed
http://fr.dbpedia.org/resource/Léo-Paul_Lauzon ; Léo-Paul Lauzon
http://fr.dbpedia.org/resource/Jean_Fontaine_(écrivain) ; Jean Fontaine
http://fr.dbpedia.org/resource/Yves_Antoine ; Yves Antoine
http://fr.dbpedia.org/resource/Alain_Beaulieu ; Alain Beaulieu
http://fr.dbpedia.org/resource/Arsène_Bessette ; Arsène Bessette
http://fr.dbpedia.org/resource/Annie_Groovie ; Annie Groovie
http://fr.dbpedia.org/resource/Émile_Martel_(écrivain) ; Émile Martel
http://fr.dbpedia.org/resource/Norah_McClintock ; Norah McClintock
http://fr.dbpedia.org/resource/Jean-Claude_Marsan ; Jean-Claude Marsan
http://fr.dbpedia.org/resource/Michelle_Le_Normand ; Michelle Le Normand
http://fr.dbpedia.org/resource/Thomas_De_Koninck ; Thomas De Koninck
http://fr.dbpedia.org/resource/Marianne_Moisan ; Marianne Moisan
http://fr.dbpedia.org/resource/André_Belleau ; André Belleau
http://fr.dbpedia.org/resource/Henriette_Major ; Henriette Major
http://fr.dbpedia.org/resource/Élisabeth_Vonarburg ; Élisabeth Vonarburg
http://fr.dbpedia.org/resource/Robert_Lalonde ; Robert Lalonde
http://fr.dbpedia.org/resource/Mona_Latif-Ghattas ; Mona Latif-Ghattas
http://fr.dbpedia.org/resource/Charles_Gill ; Charles Gill
http://fr.dbpedia.org/resource/Guy_Bertrand_(chroniqueur) ; Guy Bertrand
http://fr.dbpedia.org/resource/José_Acquelin ; José Acquelin
http://fr.dbpedia.org/resource/Jean-François_Aubé ; Jean-François Aubé
http://fr.dbpedia.org/resource/Simon_St-Onge ; Simon St-Onge
http://fr.dbpedia.org/resource/Martin_Blais ; Martin Blais
http://fr.dbpedia.org/resource/Robert_J_Mailhot ; Robert J Mailhot
http://fr.dbpedia.org/resource/Hélène_Rioux ; Hélène Rioux
http://fr.dbpedia.org/resource/Olivier_Choinière ; Olivier Choinière
http://fr.dbpedia.org/resource/Isabelle_Gaul ; Isabelle Gaul
http://fr.dbpedia.org/resource/Edouard_H._Bond ; Edouard H. Bond
http://fr.dbpedia.org/resource/Évelyne_de_la_Chenelière ; Évelyne de la Chenelière
http://fr.dbpedia.org/resource/Monique_Hauy ; Monique Hauy
http://fr.dbpedia.org/resource/Louis-Philippe_Audet ; Louis-Philippe Audet
http://fr.dbpedia.org/resource/Francis_Malka ; Francis Malka
http://fr.dbpedia.org/resource/Sophie_Bienvenu ; Sophie Bienvenu
http://fr.dbpedia.org/resource/Marcolin-Antonio_Lamarche ; Marcolin-Antonio Lamarche
http://fr.dbpedia.org/resource/Tania_Boulet ; Tania Boulet
http://fr.dbpedia.org/resource/Daniel_Gagnon ; Daniel Gagnon
http://fr.dbpedia.org/resource/Karole_McDowell ; Karole McDowell
http://fr.dbpedia.org/resource/Thélyson_Orélien ; Thélyson Orélien
http://fr.dbpedia.org/resource/Marie_Desjardins ; Marie Desjardins
http://fr.dbpedia.org/resource/Angèle_Delaunois ; Angèle Delaunois
http://fr.dbpedia.org/resource/Solange_Chalvin ; Solange Chalvin
http://fr.dbpedia.org/resource/Pierre_Billon_(écrivain) ; Pierre Billon
http://fr.dbpedia.org/resource/Sylvain_Trudel ; Sylvain Trudel
http://fr.dbpedia.org/resource/La_Butte_à_Mathieu ; La Butte à Mathieu
http://fr.dbpedia.org/resource/Philippe_Haeck ; Philippe Haeck
http://fr.dbpedia.org/resource/Michaël_La_Chance ; Michaël La Chance
http://fr.dbpedia.org/resource/Victor-Lévy_Beaulieu ; Victor-Lévy Beaulieu
http://fr.dbpedia.org/resource/Claude_Vaillancourt_(écrivain) ; Claude Vaillancourt
http://fr.dbpedia.org/resource/Gilles_Boulet ; Gilles Boulet
http://fr.dbpedia.org/resource/Monique_Parent ; Monique Parent
http://fr.dbpedia.org/resource/Ægidius_Fauteux ; Ægidius Fauteux
http://fr.dbpedia.org/resource/Denis_Thériault ; Denis Thériault
http://fr.dbpedia.org/resource/Gérard_Morisset ; Gérard Morisset
http://fr.dbpedia.org/resource/Chantal_Saint-Jarre ; Chantal Saint-Jarre
http://fr.dbpedia.org/resource/Bruno_Roy_(écrivain) ; Bruno Roy
http://fr.dbpedia.org/resource/Suzanne_Lamy ; Suzanne Lamy
http://fr.dbpedia.org/resource/Hélène_Brodeur ; Hélène Brodeur
http://fr.dbpedia.org/resource/Roger_Fournier_(écrivain) ; Roger Fournier
http://fr.dbpedia.org/resource/Romain_Légaré ; Romain Légaré
http://fr.dbpedia.org/resource/Régine_Robin ; Régine Robin
http://fr.dbpedia.org/resource/François-Bernard_Tremblay ; François-Bernard Tremblay
http://fr.dbpedia.org/resource/Denise_Bombardier ; Denise Bombardier
http://fr.dbpedia.org/resource/Raymond_Beaudet ; Raymond Beaudet
http://fr.dbpedia.org/resource/Lise_Tremblay ; Lise Tremblay
http://fr.dbpedia.org/resource/André_Major ; André Major
http://fr.dbpedia.org/resource/Pierre_Pratt ; Pierre Pratt
http://fr.dbpedia.org/resource/Arlette_Fortin ; Arlette Fortin
http://fr.dbpedia.org/resource/Jean-Rock_Gaudreault ; Jean-Rock Gaudreault
http://fr.dbpedia.org/resource/Bernard_Assiniwi ; Bernard Assiniwi
http://fr.dbpedia.org/resource/Robert_Choquette ; Robert Choquette
http://fr.dbpedia.org/resource/Marc_Angenot ; Marc Angenot
http://fr.dbpedia.org/resource/Martin-Pierre_Tremblay ; Martin-Pierre Tremblay
http://fr.dbpedia.org/resource/Francine_Noël ; Francine Noël
http://fr.dbpedia.org/resource/Raymonde_Lamothe ; Raymonde Lamothe
http://fr.dbpedia.org/resource/William_Chapman ; William Chapman
http://fr.dbpedia.org/resource/Daniel_Pinard ; Daniel Pinard
http://fr.dbpedia.org/resource/Nicolas_Charette ; Nicolas Charette
http://fr.dbpedia.org/resource/Michel_Tremblay ; Michel Tremblay
http://fr.dbpedia.org/resource/Alain_Lessard ; Alain Lessard
http://fr.dbpedia.org/resource/Lucie_Pagé ; Lucie Pagé
http://fr.dbpedia.org/resource/Nikos_Kachtitsis ; Nikos Kachtitsis
http://fr.dbpedia.org/resource/Michèle_Mailhot ; Michèle Mailhot
http://fr.dbpedia.org/resource/Yves_Trottier ; Yves Trottier
http://fr.dbpedia.org/resource/Roger_Morneau ; Roger Morneau
http://fr.dbpedia.org/resource/Guy_Lalancette ; Guy Lalancette
http://fr.dbpedia.org/resource/Jean_Simard ; Jean Simard
http://fr.dbpedia.org/resource/Louise_Bombardier ; Louise Bombardier
http://fr.dbpedia.org/resource/Sylvain_Simard ; Sylvain Simard
http://fr.dbpedia.org/resource/Pierre-Luc_Bégin ; Pierre-Luc Bégin
http://fr.dbpedia.org/resource/Roger_Des_Roches ; Roger Des Roches
http://fr.dbpedia.org/resource/Honoré_Beaugrand ; Honoré Beaugrand
http://fr.dbpedia.org/resource/Gary_Gaignon ; Gary Gaignon
http://fr.dbpedia.org/resource/Joseph_Quesnel ; Joseph Quesnel
http://fr.dbpedia.org/resource/Reynald_Viel ; Reynald Viel
http://fr.dbpedia.org/resource/Nancy_Montour ; Nancy Montour
http://fr.dbpedia.org/resource/Patrick_Nicol ; Patrick Nicol
http://fr.dbpedia.org/resource/Pierre_Gauvreau ; Pierre Gauvreau
http://fr.dbpedia.org/resource/Nérée_Beauchemin ; Nérée Beauchemin
http://fr.dbpedia.org/resource/Éric_Volant ; Éric Volant
http://fr.dbpedia.org/resource/Ginette_Michaud ; Ginette Michaud
http://fr.dbpedia.org/resource/Gilbert_David ; Gilbert David
http://fr.dbpedia.org/resource/Sophie_Bérubé ; Sophie Bérubé
http://fr.dbpedia.org/resource/Robert_Blondin ; Robert Blondin
http://fr.dbpedia.org/resource/Jeannette_Boudreault-Lagassé ; Jeannette Boudreault-Lagassé
http://fr.dbpedia.org/resource/Victor_Teboul ; Victor Teboul
http://fr.dbpedia.org/resource/Lionel_Groulx ; Lionel Groulx
http://fr.dbpedia.org/resource/Denis_Monette ; Denis Monette
http://fr.dbpedia.org/resource/Lise_Castonguay ; Lise Castonguay
http://fr.dbpedia.org/resource/Marc_Séguin ; Marc Séguin
http://fr.dbpedia.org/resource/Jean-François_Caron_(dramaturge) ; Jean-François Caron
http://fr.dbpedia.org/resource/Sonia_Sarfati ; Sonia Sarfati
http://fr.dbpedia.org/resource/Étienne_Gervais ; Étienne Gervais
http://fr.dbpedia.org/resource/Edmond_Robillard ; Edmond Robillard
http://fr.dbpedia.org/resource/Dominic_Bellavance ; Dominic Bellavance
http://fr.dbpedia.org/resource/Pierre-Joseph-Olivier_Chauveau ; Pierre-Joseph-Olivier Chauveau
http://fr.dbpedia.org/resource/Hélène_Desputeaux ; Hélène Desputeaux
http://fr.dbpedia.org/resource/Normand_Chaurette ; Normand Chaurette
http://fr.dbpedia.org/resource/Jean-Paul_Fugère ; Jean-Paul Fugère
http://fr.dbpedia.org/resource/Maurice_Gagnon ; Maurice Gagnon
http://fr.dbpedia.org/resource/Noël_Laflamme ; Noël Laflamme
http://fr.dbpedia.org/resource/Alain_Roy ; Alain Roy
http://fr.dbpedia.org/resource/Gaétan_Soucy ; Gaétan Soucy
http://fr.dbpedia.org/resource/Pierre_Bertrand_(philosophe) ; Pierre Bertrand
http://fr.dbpedia.org/resource/Andrée_A._Michaud ; Andrée A. Michaud
http://fr.dbpedia.org/resource/Jean-Paul_Desbiens ; Jean-Paul Desbiens
http://fr.dbpedia.org/resource/Joseph_Marmette ; Joseph Marmette
http://fr.dbpedia.org/resource/Laurent_Mailhot ; Laurent Mailhot
http://fr.dbpedia.org/resource/Steve_Proulx ; Steve Proulx
http://fr.dbpedia.org/resource/Anne-Marie_Alonzo ; Anne-Marie Alonzo
http://fr.dbpedia.org/resource/Michèle_Marineau ; Michèle Marineau
http://fr.dbpedia.org/resource/Marc_Imbeault ; Marc Imbeault
http://fr.dbpedia.org/resource/Robert_Lévesque ; Robert Lévesque
http://fr.dbpedia.org/resource/Gilles_Devault ; Gilles Devault
http://fr.dbpedia.org/resource/Laurier_Veilleux ; Laurier Veilleux
http://fr.dbpedia.org/resource/Michel_Vézina ; Michel Vézina
http://fr.dbpedia.org/resource/Anne-Marie_Gélinas ; Anne-Marie Gélinas
http://fr.dbpedia.org/resource/Kim_Thúy ; Kim Thúy
http://fr.dbpedia.org/resource/Judy_Quinn ; Judy Quinn
http://fr.dbpedia.org/resource/Nelly_Arcan ; Nelly Arcan
http://fr.dbpedia.org/resource/Stéphane_Kelly ; Stéphane Kelly
http://fr.dbpedia.org/resource/Joël_Casséus ; Joël Casséus
http://fr.dbpedia.org/resource/Jean_O'Neil ; Jean O'Neil
http://fr.dbpedia.org/resource/Dominic_Champagne ; Dominic Champagne
http://fr.dbpedia.org/resource/Joel_Yanofsky ; Joel Yanofsky
http://fr.dbpedia.org/resource/Louvigny_de_Montigny ; Louvigny de Montigny
http://fr.dbpedia.org/resource/Éric_Dupont ; Éric Dupont
http://fr.dbpedia.org/resource/Gilbert_Langevin ; Gilbert Langevin
http://fr.dbpedia.org/resource/Bernard_Arcand ; Bernard Arcand
http://fr.dbpedia.org/resource/François_Jobin ; François Jobin
http://fr.dbpedia.org/resource/Amy_Lachapelle ; Amy Lachapelle
http://fr.dbpedia.org/resource/Chantal_Cadieux ; Chantal Cadieux
http://fr.dbpedia.org/resource/Christine_Eddie ; Christine Eddie
http://fr.dbpedia.org/resource/Jean_Filiatrault ; Jean Filiatrault
http://fr.dbpedia.org/resource/Réjean_Tremblay ; Réjean Tremblay
http://fr.dbpedia.org/resource/Évelyne_Gauthier ; Évelyne Gauthier
http://fr.dbpedia.org/resource/Stéphane_Venne ; Stéphane Venne
http://fr.dbpedia.org/resource/Roland_Bourneuf ; Roland Bourneuf
http://fr.dbpedia.org/resource/Véronique_Cyr ; Véronique Cyr
http://fr.dbpedia.org/resource/Sylvie_Payette ; Sylvie Payette
http://fr.dbpedia.org/resource/Marcel_Brouillard ; Marcel Brouillard
http://fr.dbpedia.org/resource/Catherine_Mavrikakis ; Catherine Mavrikakis
http://fr.dbpedia.org/resource/André_Giroux ; André Giroux
http://fr.dbpedia.org/resource/Dominique_Zalitis ; Dominique Zalitis
http://fr.dbpedia.org/resource/Louis_Émond_(écrivain,_1969) ; Louis Émond
http://fr.dbpedia.org/resource/Serge_Boucher ; Serge Boucher
http://fr.dbpedia.org/resource/Narcisse-Henri-Édouard_Faucher_de_Saint-Maurice ; Narcisse-Henri-Édouard Faucher de Saint-Maurice
http://fr.dbpedia.org/resource/Gilles_Marcotte ; Gilles Marcotte
http://fr.dbpedia.org/resource/Gilbert_Dupuis_(écrivain) ; Gilbert Dupuis
http://fr.dbpedia.org/resource/Jean_Bédard ; Jean Bédard
http://fr.dbpedia.org/resource/Estelle_Beauchamp ; Estelle Beauchamp
http://fr.dbpedia.org/resource/Antoine_Sicotte ; Antoine Sicotte
http://fr.dbpedia.org/resource/Roger_Dumas_(dramaturge) ; Roger Dumas
http://fr.dbpedia.org/resource/Pierre_Crépeau ; Pierre Crépeau
http://fr.dbpedia.org/resource/Héloïse_Côté ; Héloïse Côté
http://fr.dbpedia.org/resource/Pierre_Gélinas ; Pierre Gélinas
http://fr.dbpedia.org/resource/Elissa_Ambrose ; Elissa Ambrose
http://fr.dbpedia.org/resource/Daniel_Castillo_Durante ; Daniel Castillo Durante
http://fr.dbpedia.org/resource/Dollard_Morin ; Dollard Morin
http://fr.dbpedia.org/resource/Luc_Bureau ; Luc Bureau
